SNP	CHR	BP	P	NOBS
rs350729	2	52983773	2e-10	724
rs6924808	6	98358575	7e-16	120
rs1353649	11	20253599	6e-11	120
rs6141	3	184090266	3e-06	898
rs1257344	2	144598432	3e-06	898
rs12622686	2	222207613	5e-06	898
rs12568266	1	4193551	6e-10	898
rs2376682	5	118009472	3e-06	898
rs12622534	2	45999988	2e-06	898
rs12451788	17	1941048	1e-06	898
rs12722556	10	6070539	2e-06	898
rs12913832	15	28365618	7e-14	898
rs13391419	2	222921916	5e-06	898
rs13405366	2	13682804	1e-06	898
rs1346220	11	12480087	2e-06	898
rs141337143	12	127007870	2e-06	898
rs14271	1	9789150	1e-06	898
rs1435547	2	11738091	1e-06	898
rs1442808	15	98764847	1e-06	898
rs1479279	4	12099335	2e-06	898
rs1491921	5	21259138	7e-07	898
rs1555804	10	23393066	2e-06	898
rs1672691	11	113942151	2e-07	898
rs16841200	2	157868868	1e-06	898
rs16867528	5	15607448	2e-08	898
rs16867713	5	15783500	7e-06	898
rs16876083	8	29716261	2e-06	898
rs16894878	6	29387003	1e-06	898
rs16928705	10	73095793	7e-06	898
rs16964886	18	31321994	5e-06	898
rs16995986	4	86693317	1e-06	898
rs171165	20	3457616	1e-06	898
rs17167307	7	13683763	1e-06	898
rs17461620	9	88963008	5e-06	898
rs1877101	2	13726613	7e-06	898
rs188610	12	313839	1e-06	898
rs190141647	3	158447784	2e-06	898
rs2014791	21	23145950	7e-06	898
rs2279695	12	117154262	2e-06	898
rs2479808	6	21824394	1e-06	898
rs2586731	18	48317159	1e-06	898
rs10048897	22	18260704	1e-06	898
rs10174165	2	240441158	2e-06	898
rs10237103	7	79662227	1e-06	898
rs10268774	7	82082438	1e-06	898
rs10435178	7	46720711	4e-06	898
rs10769691	11	6375809	2e-07	898
rs111361850	4	124663356	1e-06	898
rs11225569	11	103016193	2e-06	898
rs11240285	1	204767305	1e-06	898
rs113740863	18	76698027	3e-06	898
rs114154155	10	63185662	1e-06	898
rs114190122	1	9879349	1e-06	898
rs114252942	8	6202964	1e-06	898
rs114280567	13	45475582	1e-06	898
rs114326390	4	30704527	1e-06	898
rs114332009	11	12091007	1e-06	898
rs114356520	9	112128998	1e-06	898
rs114646018	9	18890061	1e-06	898
rs115683773	4	175125429	7e-06	898
rs115882204	10	28590383	1e-06	898
rs115958457	16	86827007	1e-06	898
rs116146467	6	169558013	9e-07	898
rs116212486	2	233554196	2e-06	898
rs116278466	6	75945750	1e-06	898
rs11633886	15	46078307	5e-06	898
rs11635191	15	74550050	1e-06	898
rs116493700	1	211738467	7e-06	898
rs116520962	19	51398427	2e-06	898
rs116940963	20	10271367	2e-06	898
rs117260909	9	3195775	7e-06	898
rs117405208	8	134967408	2e-06	898
rs117628011	8	76319166	5e-06	898
rs118079879	12	41713306	1e-07	898
rs118106262	9	8658954	8e-06	898
rs11877305	18	75451077	1e-06	898
rs11971779	7	139040258	1e-06	898
rs12074934	1	159308071	2e-06	898
rs12691052	16	57007512	1e-06	898
rs2309284	4	181103729	7e-07	898
rs2514805	8	95167247	1e-08	898
rs10828735	10	25240084	5e-06	898
rs12143327	1	112610895	5e-08	898
rs12248541	10	105390343	1e-06	898
rs2646928	6	37454827	1e-06	898
rs27387	3	64149167	1e-06	898
rs28375794	4	188841486	1e-06	898
rs342958	4	86280638	1e-06	898
rs351328	6	94083123	7e-06	898
rs356150	18	75373447	1e-06	898
rs3764044	12	21428371	7e-06	898
rs3796392	3	129137127	2e-06	898
rs3852186	5	82845489	9e-06	898
rs4143116	2	121620828	4e-06	898
rs4635580	20	40949831	2e-06	898
rs4748185	10	15654887	1e-06	898
rs487836	15	58033859	1e-06	898
rs4954192	2	135632981	6e-07	898
rs55798256	8	94303801	2e-06	898
rs55816310	10	134832927	1e-06	898
rs566767	15	58082367	1e-06	898
rs56868568	7	19164880	1e-06	898
rs59294057	8	21506668	1e-06	898
rs59448276	12	52680766	1e-06	898
rs59753639	12	25140690	5e-06	898
rs60241046	18	31390868	7e-06	898
rs61613191	6	141123711	7e-06	898
rs61741390	2	206305262	1e-06	898
rs6436285	2	222870106	5e-06	898
rs6442708	3	1994644	4e-07	898
rs6586977	8	21156593	2e-06	898
rs66714249	11	7400566	2e-06	898
rs66785688	11	115711933	5e-06	898
rs67335251	16	4071722	2e-06	898
rs6858365	4	12172669	9e-07	898
rs7000447	8	131523283	1e-06	898
rs7020553	9	76710284	4e-06	898
rs7112383	11	26741262	1e-06	898
rs7137521	12	126734269	1e-06	898
rs7161179	14	96088260	1e-06	898
rs7224314	17	65386214	6e-07	898
rs72974161	2	136802456	2e-07	898
rs73030953	19	38975449	5e-06	898
rs73132886	5	77348640	1e-06	898
rs73302615	7	28271690	2e-06	898
rs7344105	20	25225945	2e-06	898
rs7358151	10	28017572	2e-06	898
rs73737676	7	155810501	1e-06	898
rs73912949	2	9291234	3e-06	898
rs73976923	17	6282471	1e-06	898
rs74013184	16	24363769	7e-06	898
rs74346392	1	116761694	7e-06	898
rs74377925	12	16699250	2e-06	898
rs74380195	11	102887229	1e-09	898
rs74609360	15	31540395	2e-07	898
rs74874915	15	91387379	1e-06	898
rs74935252	5	79029311	1e-06	898
rs74964132	4	154478742	5e-06	898
rs7534485	1	168720621	8e-06	898
rs75515191	3	107562877	2e-06	898
rs7551641	1	120017927	1e-06	898
rs75646498	15	29876649	8e-07	898
rs7576072	2	164630952	1e-06	898
rs7588010	2	75473916	4e-09	898
rs76096589	14	51264126	7e-06	898
rs76247873	2	141591408	5e-06	898
rs76314368	5	116492833	3e-07	898
rs76506302	2	200671903	1e-06	898
rs76582905	12	130466631	1e-06	898
rs76650652	18	31088078	2e-06	898
rs76684306	5	15616676	1e-07	898
rs76780579	9	16414506	1e-06	898
rs76833157	2	164801785	1e-06	898
rs76917448	7	34114712	4e-06	898
rs7693389	4	58464353	7e-06	898
rs77156671	4	165400820	2e-06	898
rs7720886	5	111071625	2e-06	898
rs77302254	11	11593573	2e-06	898
rs7733624	5	104467115	1e-06	898
rs7735563	5	130764936	1e-06	898
rs77885874	5	125848356	7e-06	898
rs78788148	18	24866049	2e-06	898
rs78894156	11	17642129	1e-06	898
rs79014439	6	24901861	1e-06	898
rs79143957	3	23125989	4e-06	898
rs7921536	10	105356837	1e-06	898
rs79252495	15	26722016	6e-08	898
rs79392787	17	6250054	1e-06	898
rs79835348	7	28475255	2e-06	898
rs79946301	12	130117149	6e-06	898
rs80221072	14	33795591	2e-06	898
rs908084	4	183543648	9e-09	898
rs9356171	6	164343775	7e-06	898
rs936332	12	52640277	1e-06	898
rs9367895	6	16110383	1e-06	898
rs9577729	13	113020757	6e-06	898
rs9589866	13	87675072	1e-06	898
rs9871967	3	129209178	3e-06	898
rs9949526	18	77374321	1e-06	898
rs9963330	18	56020509	2e-06	898
rs4736655	8	134350106	1e-06	898
rs60244812	9	7267614	7e-07	898
rs7819937	8	3118779	3e-06	898
rs7003550	8	135850898	1e-08	489
rs9896933	17	80898088	3e-08	489
rs7599706	2	237805687	4e-08	489
rs12447718	16	88570134	4e-08	489
rs4368243	18	38383483	6e-08	489
rs2316527	7	154622457	8e-08	489
rs4484658	8	96208726	8e-08	489
rs7506840	18	6522756	9e-08	489
rs10485681	20	40493072	1e-07	489
rs2544523	2	15920323	1e-06	6535
rs10043228	5	115597048	4e-06	6535
rs9534578	13	47843377	2e-07	6535
rs848512	2	36675530	1e-06	877
rs10404342	19	57132238	8e-06	877
rs4879926	9	35700837	8e-06	877
rs1472066	4	119863476	8e-06	877
rs1425902	8	54119214	1e-06	877
rs1843834	2	225558042	4e-06	877
rs17744026	11	123648333	3e-06	877
rs10142119	14	98486545	2e-07	877
rs6563898	16	83358776	8e-06	877
rs1323555	13	49250997	2e-06	189
rs1930336	13	81062941	3e-06	189
rs6601306	8	9264711	4e-06	189
rs11835157	12	96634205	6e-06	189
rs2811670	6	91956663	7e-06	189
rs2434364	5	93697852	7e-06	189
rs4884502	13	64210398	9e-06	189
rs11123610	2	3723026	4e-07	189
rs6440972	3	155045430	8e-07	189
rs17445240	2	3703041	4e-06	189
rs10173297	2	3714129	4e-06	189
rs13384889	2	3706622	4e-06	189
rs13031619	2	3698371	4e-06	189
rs4849975	2	3701336	4e-06	189
rs1965732	2	3709108	4e-06	189
rs13418767	2	3704830	4e-06	189
rs6754459	2	3707423	4e-06	189
rs11902059	2	3702733	4e-06	189
rs13395090	2	3715015	4e-06	189
rs17017879	2	3713658	4e-06	189
rs7558370	2	3714261	4e-06	189
rs1523643	8	16789235	3e-07	1111
rs1837253	5	110401872	1e-09	20776
rs7521681	1	108322535	7e-07	20776
rs4833095	4	38799710	5e-12	20776
rs17294280	15	67468285	4e-09	20776
rs3853750	5	110154309	2e-07	20776
rs7212938	17	38122680	4e-10	20776
rs17605016	12	62250420	2e-06	20776
rs1438673	5	110467499	3e-11	20776
rs72699186	9	6175855	2e-09	20776
rs343496	9	6068077	2e-06	20776
rs10197862	2	102966549	4e-11	20776
rs7009110	8	81291879	4e-09	20776
rs62026376	16	11228712	1e-08	20776
rs12450323	17	37972708	4e-07	20776
rs76043829	2	218677586	6e-07	20776
rs11049300	12	28195125	3e-07	20776
rs6982751	8	10813474	4e-07	20776
rs72766477	5	83907229	5e-07	20776
rs9273373	6	32626601	4e-14	20776
rs41295115	10	6124621	5e-07	20776
rs6517368	21	38007943	2e-06	20776
rs2388639	16	54489793	9e-09	124
rs10044254	5	15783596	9e-08	124
rs11666341	19	52601399	1e-09	581
rs12460587	19	52586919	2e-09	581
rs2288884	19	52532271	5e-08	581
rs10411428	19	52607765	1e-09	581
rs6469488	8	114885432	7e-06	581
rs11252394	10	4240870	2e-07	592
rs6988229	8	139884509	9e-06	592
rs295137	2	201150040	1e-06	1644
rs72782676	10	9032555	7e-27	408655
rs149045797	9	6252690	4e-18	408655
rs12722502	10	6093139	1e-17	408655
rs2230624	1	12175658	8e-13	408655
rs12413578	10	9049253	9e-47	408655
rs72823641	2	102936159	4e-51	408655
rs117710327	19	33726578	1e-23	408655
rs992969	9	6209697	5e-67	408655
rs41283642	9	101915887	2e-10	408655
rs1059513	12	57489709	3e-29	408655
rs1008723	17	38066267	1e-65	408655
rs1444782	10	9058671	9e-48	408655
rs34290285	2	242698640	5e-36	408655
rs848	5	131996500	5e-29	408655
rs35441874	16	11213021	2e-33	408655
rs4794817	17	37794351	8e-27	408655
rs11071559	15	61069988	2e-19	408655
rs509399	3	187681712	2e-09	408655
rs72925996	6	90930513	5e-27	408655
rs10152595	15	67475488	5e-19	408655
rs10957979	8	81289787	6e-22	408655
rs5743618	4	38798648	4e-17	408655
rs2296618	1	198666232	7e-10	408655
rs12365699	11	118743286	4e-11	408655
rs72924800	11	65663606	2e-09	408655
rs10178845	2	8443803	9e-15	408655
rs2025758	10	8841669	2e-16	408655
rs6498021	16	27414378	3e-08	408655
rs3806933	5	110406742	1e-14	408655
rs35621564	7	20586843	2e-13	408655
rs13099273	3	188133518	1e-13	408655
rs2180769	14	68799102	7e-13	408655
rs1684466	3	196359310	4e-12	408655
rs2228079	1	203098275	8e-12	408655
rs4247364	17	43336687	2e-10	408655
rs174562	11	61585144	6e-11	408655
rs8103278	19	46370381	2e-10	408655
rs7626218	3	176852038	6e-11	408655
rs1214598	1	167426424	8e-11	408655
rs2253717	17	38868236	3e-08	408655
rs9943	13	40326282	4e-09	408655
rs1544301	10	8559743	1e-08	408655
rs12700186	7	20416711	3e-08	408655
rs10876866	12	56445366	1e-15	408655
rs11088309	21	36464631	5e-11	408655
rs112401631	17	38764524	3e-10	408655
rs11746314	5	156752957	2e-10	408655
rs117552144	19	3136091	7e-10	408655
rs117683492	15	67413624	4e-07	408655
rs12123821	1	152179152	2e-21	408655
rs12470864	2	102926362	8e-43	408655
rs12788104	11	1123739	2e-10	408655
rs12952581	17	47448346	2e-18	408655
rs1465841	15	67385469	6e-09	408655
rs1612986	10	9064716	6e-32	408655
rs16903574	5	14610309	5e-13	408655
rs17454584	4	123353432	8e-12	408655
rs179771	16	27417744	3e-09	408655
rs1800797	7	22766221	3e-10	408655
rs1837253	5	110401872	1e-44	408655
rs2228552	1	32165495	3e-08	408655
rs2448519	3	195715868	2e-07	408655
rs249677	5	141539339	9e-14	408655
rs3024664	16	27371424	4e-17	408655
rs34173062	8	145158607	1e-08	408655
rs34712979	4	106819053	4e-09	408655
rs34939984	16	27245712	5e-11	408655
rs35570272	3	33047662	3e-12	408655
rs3749833	5	131799626	1e-26	408655
rs3813308	5	118690781	3e-11	408655
rs3853750	5	110154309	2e-18	408655
rs41284471	10	6626214	4e-08	408655
rs45613035	4	123141070	5e-14	408655
rs4742151	9	6076102	2e-15	408655
rs60156285	5	131955818	9e-24	408655
rs61816761	1	152285861	1e-22	408655
rs61894547	11	76248630	4e-35	408655
rs6926894	6	32612430	2e-126	408655
rs7100961	10	8460963	1e-06	408655
rs72743461	15	67441750	1e-45	408655
rs7423358	2	228704721	1e-09	408655
rs7936070	11	76293527	2e-45	408655
rs7961712	12	94604963	6e-11	408655
rs802731	6	128279429	3e-10	408655
rs8129030	21	36712588	1e-08	408655
rs912131	13	100032346	3e-16	408655
rs917115	7	28172586	9e-13	408655
rs9290877	3	188442480	5e-11	408655
rs159960	1	8476428	4e-10	281699
rs12123821	1	152179152	2e-27	281699
rs33941127	1	161168004	1e-09	281699
rs1214598	1	167426424	2e-17	281699
rs10912564	1	173170618	2e-09	281699
rs903361	1	203091274	4e-12	281699
rs891058	2	8442547	2e-19	281699
rs72823641	2	102936159	4e-61	281699
rs771018	2	198650259	3e-08	281699
rs34290285	2	242698640	1e-44	281699
rs35570272	3	33047662	1e-15	281699
rs73078636	3	51441307	2e-09	281699
rs6808893	3	188133439	9e-17	281699
rs113048054	3	196343817	3e-11	281699
rs28690449	4	38789132	4e-24	281699
rs4380538	4	123448562	5e-20	281699
rs16903574	5	14610309	8e-13	281699
rs11742240	5	35881376	3e-16	281699
rs1837253	5	110401872	4e-44	281699
rs3813308	5	118690781	2e-09	281699
rs848	5	131996500	8e-29	281699
rs449454	5	141533062	1e-12	281699
rs2961920	5	159911506	3e-09	281699
rs6926894	6	32612430	2e-100	281699
rs55771973	6	90981319	2e-25	281699
rs3190930	6	128291199	3e-11	281699
rs12201149	6	155162163	9e-09	281699
rs3757727	7	20411897	3e-14	281699
rs4722758	7	28156606	4e-14	281699
rs13263709	8	81287175	8e-22	281699
rs928412	9	6213148	5e-62	281699
rs11539209	9	131483551	2e-08	281699
rs12722547	10	6072093	6e-21	281699
rs2197415	10	9062856	4e-43	281699
rs12788104	11	1123739	1e-09	281699
rs7108441	11	36351781	2e-09	281699
rs479844	11	65551957	4e-11	281699
rs7936312	11	76293726	1e-59	281699
rs542831	11	111471392	5e-13	281699
rs56389811	12	48205358	5e-09	281699
rs3024971	12	57493727	1e-28	281699
rs981625	13	74039935	2e-08	281699
rs912131	13	100032346	8e-17	281699
rs1950897	14	68760141	8e-13	281699
rs1655558	15	41787585	1e-09	281699
rs11071559	15	61069988	7e-20	281699
rs72743461	15	67441750	7e-45	281699
rs12935657	16	11219041	6e-33	281699
rs3024664	16	27371424	6e-17	281699
rs12324931	16	50790158	2e-09	281699
rs2305479	17	38062217	2e-48	281699
rs8080122	17	40427147	2e-08	281699
rs4247364	17	43336687	2e-11	281699
rs12952581	17	47448346	6e-19	281699
rs3730775	18	51813966	1e-08	281699
rs12964116	18	61442619	4e-09	281699
rs117710327	19	33726578	3e-23	281699
rs6011033	20	62322699	7e-09	281699
rs8126516	21	36452618	4e-12	281699
rs12165508	22	41819960	1e-08	281699
rs4845604	1	151801680	3e-08	281699
rs950880	2	102932562	2e-23	281699
rs73196739	3	188402471	2e-11	281699
rs509399	3	187681712	1e-09	281699
rs78560100	4	123041471	3e-19	281699
rs4099209	5	110162262	9e-26	281699
rs3806933	5	110406742	3e-26	281699
rs1986009	5	131887986	5e-10	281699
rs2844584	6	31321524	2e-21	281699
rs3104412	6	32585967	1e-142	281699
rs114798579	6	32597341	7e-19	281699
rs9272545	6	32606885	7e-288	281699
rs17843577	6	32615510	8e-223	281699
rs2647025	6	32635949	4e-99	281699
rs1694112	6	32649664	8e-41	281699
rs7755224	6	32652317	5e-138	281699
rs79870097	6	32661995	6e-30	281699
rs9275602	6	32682812	5e-29	281699
rs9276643	6	32744834	7e-105	281699
rs7749543	6	32751416	8e-115	281699
rs2621363	6	32769389	7e-31	281699
rs13241235	7	20584837	3e-14	281699
rs343478	9	6051399	2e-23	281699
rs72699188	9	6176871	1e-08	281699
rs62626322	10	6115639	3e-09	281699
rs61841332	10	6628224	1e-10	281699
rs3781094	10	8101427	2e-08	281699
rs6602301	10	8460665	9e-10	281699
rs7894791	10	8591369	5e-09	281699
rs11255938	10	8850735	3e-12	281699
rs72782675	10	9028946	3e-11	281699
rs12413578	10	9049253	1e-15	281699
rs55646091	11	76299431	2e-20	281699
rs1689510	12	56396768	3e-20	281699
rs3122929	12	57509102	6e-11	281699
rs12592283	15	67371420	5e-09	281699
rs10152595	15	67475488	4e-13	281699
rs3785356	16	27349168	3e-11	281699
rs112401631	17	38764524	8e-11	281699
rs7219483	17	38807957	5e-12	281699
rs1837253	5	110401872	2e-20	90853
rs2706362	5	131925187	1e-11	90853
rs56062135	15	67455630	3e-23	90853
rs72823641	2	102936159	7e-18	90853
rs869402	17	38068043	7e-18	90853
rs9775039	9	6177453	7e-23	90853
rs1348135	1	163776298	9e-06	8204
rs10773588	12	129511610	5e-06	8204
rs10157802	1	74110649	7e-06	8204
rs4268898	2	24490413	2e-07	8204
rs9870718	3	36239406	9e-06	8204
rs10141207	14	32691785	4e-06	8204
rs10924970	1	235362960	3e-06	8204
rs992969	9	6209697	7e-20	8204
rs2952156	17	37876835	2e-30	8204
rs20541	5	131995964	5e-16	8204
rs11071558	15	61069421	1e-09	8204
rs2325291	6	90986686	2e-12	8204
rs2589561	10	9046645	4e-09	8204
rs17806299	16	11199980	3e-10	8204
rs12543811	8	81278885	1e-10	8204
rs167769	12	57503775	4e-09	8204
rs17637472	17	47461433	7e-09	8204
rs7705042	5	141492419	8e-09	8204
rs1233578	6	28712247	6e-07	8204
rs12634582	3	24282432	9e-06	8204
rs2855812	6	31472720	9e-12	8204
rs7927894	11	76301316	2e-14	8204
rs2033784	15	67449660	7e-15	8204
rs1420101	2	102957716	4e-21	8204
rs10455025	5	110404999	9e-26	8204
rs9272346	6	32604372	6e-24	8204
rs4129267	1	154426264	8e-07	8204
rs4938096	11	114235730	1e-06	8204
rs16989837	20	43859099	3e-06	8204
rs10233459	7	42040986	4e-06	8204
rs1122396	1	201138428	2e-06	8204
rs10951405	7	34043348	3e-06	8204
rs3758697	11	100709894	2e-06	8204
rs6084352	20	3348407	7e-06	8204
rs12542922	8	117333797	2e-06	8204
rs2825968	21	21415693	6e-06	8204
rs2073617	8	119964283	5e-06	8204
rs12521260	5	37881414	3e-06	8204
rs2352521	1	79256105	5e-06	8204
rs6694672	1	196945789	9e-06	8204
rs301816	1	8505058	1e-12	341215
rs11121240	1	8894357	2e-09	341215
rs67551275	1	9356676	6e-11	341215
rs541559418	1	151760522	2e-10	341215
rs4845604	1	151801680	3e-14	341215
rs115045402	1	152029548	2e-20	341215
rs12123821	1	152179152	4e-24	341215
rs61816761	1	152285861	1e-30	341215
rs2070901	1	161185058	9e-12	341215
rs2056625	1	167420299	5e-21	341215
rs1617333	1	167436270	2e-19	341215
rs1102705	1	172700868	1e-07	341215
rs10158467	1	173131493	7e-12	341215
rs17668708	1	198640488	4e-10	341215
rs12023876	1	203093201	9e-11	341215
rs3856439	2	8459404	5e-19	341215
rs74180212	2	102798245	1e-19	341215
rs78545931	2	102882352	2e-28	341215
rs60227565	2	102892339	5e-71	341215
rs12470864	2	102926362	2e-56	341215
rs72823641	2	102936159	5e-76	341215
rs1861245	2	102966906	1e-52	341215
rs143326447	2	112268732	4e-07	341215
rs2381712	2	146145018	9e-07	341215
rs6755248	2	224664050	1e-06	341215
rs10187276	2	228670437	3e-07	341215
rs34290285	2	242698640	9e-52	341215
rs35570272	3	33047662	3e-20	341215
rs4491851	3	33083985	3e-19	341215
rs1806656	3	121716171	7e-09	341215
rs7625643	3	141150026	3e-08	341215
rs62296577	3	176849740	9e-14	341215
rs7626218	3	176852038	5e-15	341215
rs9860547	3	188128979	6e-17	341215
rs55661102	3	188401138	9e-13	341215
rs11715524	3	195762492	4e-10	341215
rs1684466	3	196359310	9e-13	341215
rs5743618	4	38798648	2e-31	341215
rs190438685	4	39390445	3e-07	341215
rs45613035	4	123141070	6e-19	341215
rs17454584	4	123353432	2e-21	341215
rs62322662	4	123359569	2e-18	341215
rs16903574	5	14610309	9e-13	341215
rs11742240	5	35881376	2e-13	341215
rs7734635	5	110158844	2e-29	341215
rs540485182	5	110161474	2e-29	341215
rs1837253	5	110401872	1e-41	341215
rs1898671	5	110408002	1e-38	341215
rs6594499	5	110470137	6e-37	341215
rs6866614	5	131787137	4e-25	341215
rs3749833	5	131799626	3e-26	341215
rs2299012	5	131916940	7e-32	341215
rs113010607	5	132105698	3e-13	341215
rs449454	5	141533062	1e-16	341215
rs114444221	6	31303324	9e-16	341215
rs3190923	6	31324499	9e-22	341215
rs115664621	6	32457790	8e-35	341215
rs72508457	6	32496171	5e-24	341215
rs139088362	6	32539111	4e-12	341215
rs115468973	6	32544121	3e-23	341215
rs1064713	6	32546666	1e-25	341215
rs116189786	6	32593677	5e-33	341215
rs28383454	6	32609370	2e-116	341215
rs28798705	6	32617809	6e-104	341215
rs201184533	6	32632887	9e-17	341215
rs3116989	6	33099538	4e-14	341215
rs28522747	6	35134729	8e-09	341215
rs58521088	6	90985198	7e-29	341215
rs9372120	6	106667535	1e-06	341215
rs6927172	6	138002175	2e-10	341215
rs149317277	7	20423924	1e-12	341215
rs6954667	7	22780322	3e-06	341215
rs57585717	7	28149255	2e-13	341215
rs2221641	8	81294702	3e-24	341215
rs35204956	8	81302013	6e-24	341215
rs62557312	9	6047765	3e-43	341215
rs340934	9	6081804	5e-41	341215
rs7848215	9	6213468	9e-71	341215
rs274943	9	23585839	8e-08	341215
rs943451	10	6621773	5e-10	341215
rs11255504	10	8104341	1e-08	341215
rs17144046	10	8606014	4e-12	341215
rs10795672	10	8777640	2e-15	341215
rs1775554	10	9054340	2e-46	341215
rs1612986	10	9064716	2e-40	341215
rs113092121	10	94384514	1e-12	341215
rs28415845	11	1145844	4e-12	341215
rs10836538	11	36365253	6e-12	341215
rs174535	11	61551356	7e-12	341215
rs7936312	11	76293726	3e-64	341215
rs55646091	11	76299431	9e-42	341215
rs1784775	11	111472460	2e-09	341215
rs12365699	11	118743286	7e-12	341215
rs2544026	12	48186563	9e-08	341215
rs62623446	12	55368291	2e-09	341215
rs7302200	12	56449435	8e-25	341215
rs1059513	12	57489709	6e-28	341215
rs11065979	12	112059557	3e-07	341215
rs28635831	13	40319954	1e-07	341215
rs1887704	13	99974492	3e-17	341215
rs17103286	14	35885041	1e-09	341215
rs1885013	14	68754695	3e-13	341215
rs1655558	15	41787585	8e-12	341215
rs7183955	15	61049569	2e-21	341215
rs11071559	15	61069988	4e-24	341215
rs117683492	15	67413624	1e-08	341215
rs72743461	15	67441750	3e-46	341215
rs34445740	15	67475765	5e-19	341215
rs35441874	16	11213021	4e-34	341215
rs12935657	16	11219041	7e-34	341215
rs3785356	16	27349168	3e-14	341215
rs3024655	16	27369502	4e-20	341215
rs2066844	16	50745926	6e-09	341215
rs4795399	17	38061439	1e-45	341215
rs117097909	17	38064971	2e-17	341215
rs201413617	17	38073843	2e-07	341215
rs9893132	17	38755021	4e-10	341215
rs112401631	17	38764524	2e-20	341215
rs8067124	17	38869490	5e-17	341215
rs9895436	17	43457886	6e-07	341215
rs56308324	17	45819206	1e-09	341215
rs12952581	17	47448346	7e-16	341215
rs10667251	17	47465744	1e-14	341215
rs1893380	18	48647640	6e-08	341215
rs12965763	18	51816408	1e-08	341215
rs12964116	18	61442619	1e-06	341215
rs2918302	19	8785744	9e-07	341215
rs10413947	19	9128342	1e-08	341215
rs117710327	19	33726578	1e-27	341215
rs2766667	20	52172404	5e-10	341215
rs2738783	20	62308612	2e-07	341215
rs11088309	21	36464631	2e-15	341215
rs5758364	22	41855912	1e-10	341215
rs850637	X	13023741	6e-12	341215
rs5953283	X	49139787	7e-11	341215
rs10699671	5	141518941	2e-16	341215
rs2428494	6	31322197	2e-60	341215
rs146618240	6	32482102	1e-22	341215
rs75380949	6	32541219	4e-33	341215
rs545366210	6	32554079	2e-29	341215
rs9273123	6	32612733	4e-105	341215
rs111789468	6	33033824	4e-06	341215
rs62408233	6	90976609	1e-28	341215
rs55743914	6	128293562	7e-15	341215
rs12531500	7	20544209	2e-15	341215
rs4722758	7	28156606	6e-18	341215
rs13277355	8	128777719	2e-11	341215
rs992969	9	6209697	3e-72	341215
rs12722502	10	6093139	2e-18	341215
rs7099257	10	8510957	7e-12	341215
rs12413578	10	9049253	8e-41	341215
rs10995245	10	64391375	1e-08	341215
rs2052690	11	10664033	1e-07	341215
rs479844	11	65551957	3e-14	341215
rs11236797	11	76299649	6e-62	341215
rs140522418	11	128172837	3e-08	341215
rs705700	12	56389293	4e-23	341215
rs3122929	12	57509102	8e-34	341215
rs188074962	12	121365431	6e-11	341215
rs4771332	13	100070457	5e-18	341215
rs7705042	5	141492419	9e-10	127669
rs1233578	6	28712247	5e-09	127669
rs2325291	6	90986686	9e-13	127669
rs167769	12	57503775	6e-09	127669
rs17637472	17	47461433	3e-09	127669
rs2596464	6	31412961	2e-13	127669
rs1663687	10	9054787	2e-10	127669
rs10957979	8	81289787	2e-08	127669
rs17806299	16	11199980	2e-10	127669
rs3771180	2	102953617	2e-20	127669
rs10455025	5	110404999	2e-25	127669
rs20541	5	131995964	1e-14	127669
rs9272346	6	32604372	2e-28	127669
rs992969	9	6209697	4e-29	127669
rs2155219	11	76299194	3e-15	127669
rs11071558	15	61069421	8e-11	127669
rs17293632	15	67442596	9e-16	127669
rs2305479	17	38062217	3e-24	127669
rs2855812	6	31472720	3e-10	127669
rs2844510	6	31410408	2e-06	127669
rs1420101	2	102957716	9e-20	127669
rs6893213	5	110198114	8e-11	127669
rs6894249	5	131797547	2e-11	127669
rs3763309	6	32375973	1e-18	127669
rs142117234	5	132008536	4e-08	142486
rs61816761	1	152285861	5e-27	142486
rs139939994	9	6380605	1e-08	142486
rs55684690	11	76057946	8e-29	142486
rs150260796	17	38168828	2e-12	142486
rs146644295	17	37574592	2e-14	142486
rs115813648	1	152921586	2e-13	142486
rs12123821	1	152179152	1e-25	142486
rs114357009	6	28965512	2e-10	142486
rs2647044	6	32667910	4e-15	142486
rs112401631	17	38764524	2e-10	142486
rs72702900	1	152771963	6e-16	142486
rs17406680	10	9208204	6e-20	142486
rs1837253	5	110401872	1e-51	142486
rs72743461	15	67441750	4e-45	142486
rs7760841	6	32574868	1e-12	142486
rs17513503	5	110146446	4e-17	142486
rs12964116	18	61442619	2e-09	142486
rs115008099	5	131991881	6e-32	142486
rs62375550	5	110387125	3e-09	142486
rs7936312	11	76293726	1e-48	142486
rs34437781	6	31324955	2e-08	142486
rs10056243	5	110259077	3e-12	142486
rs16903574	5	14610309	4e-12	142486
rs45613035	4	123141070	1e-12	142486
rs1023518	5	131793772	2e-25	142486
rs28617673	15	67371244	5e-13	142486
rs2241116	2	103003265	1e-22	142486
rs35449774	6	33031612	7e-11	142486
rs3122929	12	57509102	1e-27	142486
rs2428494	6	31322197	2e-14	142486
rs17510339	5	132029414	2e-11	142486
rs78823938	7	28140951	5e-08	142486
rs2844482	6	31539767	1e-09	142486
rs10515922	2	102914654	8e-09	142486
rs6594500	5	110470994	4e-20	142486
rs72833417	17	45873049	1e-09	142486
rs10021288	4	123005534	4e-15	142486
rs58029167	9	5850375	1e-15	142486
rs2834787	21	36502558	2e-11	142486
rs3024622	16	27365453	2e-17	142486
rs62626322	10	6115639	4e-08	142486
rs9852988	3	188045016	3e-08	142486
rs705700	12	56389293	1e-16	142486
rs35570272	3	33047662	3e-15	142486
rs28412876	17	47454515	2e-15	142486
rs3190930	6	128291199	1e-11	142486
rs10131490	14	68743307	3e-12	142486
rs73194495	3	188328476	3e-08	142486
rs3828058	1	151786281	1e-12	142486
rs12655443	5	141467856	2e-14	142486
rs7087058	10	8114922	1e-08	142486
rs903361	1	203091274	1e-11	142486
rs12785018	10	8515348	1e-10	142486
rs58507040	7	22792318	1e-09	142486
rs10791824	11	65559266	4e-11	142486
rs72793573	5	110564273	3e-08	142486
rs827637	10	9010624	2e-10	142486
rs2070901	1	161185058	2e-08	142486
rs7523907	1	167427247	9e-10	142486
rs3813308	5	118690781	6e-10	142486
rs301819	1	8501786	1e-09	142486
rs7918084	10	94429467	7e-10	142486
rs2315646	20	62379750	3e-09	142486
rs12718488	11	76366690	9e-09	142486
rs7936275	11	10660840	2e-08	142486
rs13427957	2	102689031	2e-08	142486
rs7517302	1	25254317	4e-08	142486
rs10965947	9	23588583	3e-08	142486
rs4845774	1	152445621	2e-08	142486
rs77741769	12	121363835	3e-08	142486
rs174566	11	61592362	5e-09	142486
rs11828343	11	111491322	2e-08	142486
rs13277355	8	128777719	2e-08	142486
rs7130870	11	36344202	8e-09	142486
rs3757727	7	20411897	2e-10	142486
rs4594881	5	35846815	1e-10	142486
rs2253717	17	38868236	3e-10	142486
rs4705959	5	131865791	2e-09	142486
rs9663421	10	6055604	3e-10	142486
rs2305482	17	38140927	6e-13	142486
rs7626218	3	176852038	2e-12	142486
rs2477923	10	8565990	6e-13	142486
rs4247364	17	43336687	8e-12	142486
rs35621564	7	20586843	1e-13	142486
rs114559131	4	38755970	3e-10	142486
rs76181804	1	198601705	3e-08	142486
rs1684466	3	196359310	4e-15	142486
rs13099273	3	188133518	4e-17	142486
rs801429	17	37435378	3e-10	142486
rs12365699	11	118743286	9e-09	142486
rs75636497	9	6545605	2e-08	142486
rs9327638	5	132069706	1e-11	142486
rs17670280	3	188400239	5e-12	142486
rs10178845	2	8443803	3e-17	142486
rs75125788	10	9255890	5e-08	142486
rs6899623	6	90986559	9e-24	142486
rs10152595	15	67475488	1e-19	142486
rs13263709	8	81287175	2e-24	142486
rs112336433	3	196349004	3e-08	142486
rs59186511	13	99986238	4e-13	142486
rs2390314	7	20455978	3e-09	142486
rs79337446	3	33088785	5e-09	142486
rs7864027	9	6504189	4e-18	142486
rs72827176	17	37810795	5e-09	142486
rs34986765	15	61069201	2e-19	142486
rs35441874	16	11213021	1e-30	142486
rs13022699	2	102287835	8e-13	142486
rs10478040	5	110590399	4e-10	142486
rs77315098	16	27381648	1e-13	142486
rs28383364	6	32606912	3e-17	142486
rs1444782	10	9058671	1e-48	142486
rs11172086	12	57449206	8e-18	142486
rs34290285	2	242698640	4e-42	142486
rs10975416	9	6051924	5e-36	142486
rs1008723	17	38066267	2e-62	142486
rs138538714	4	123115272	2e-08	142486
rs72784452	10	9111826	2e-23	142486
rs149096812	5	110418241	2e-08	142486
rs117710327	19	33726578	1e-21	142486
rs992969	9	6209697	3e-64	142486
rs28688825	6	32587157	5e-31	142486
rs77000868	10	9070677	1e-14	142486
rs72823641	2	102936159	2e-60	142486
rs3093539	6	31538277	1e-09	142486
rs12722502	10	6093139	6e-17	142486
rs201011002	12	57498220	2e-08	142486
rs145986476	16	27359515	1e-12	142486
rs72782676	10	9032555	7e-21	142486
rs146597587	9	6255967	7e-17	142486
rs144829310	9	6208030	1e-31	157242
rs11655198	17	38026169	1e-63	157242
rs3104367	6	32603487	1e-40	157242
rs1837253	5	110401872	3e-31	157242
rs202011557	2	102913643	5e-31	157242
rs56375023	15	67448363	2e-21	157242
rs7936323	11	76293758	1e-16	157242
rs2428494	6	31322197	1e-16	157242
rs2244012	5	131901225	2e-16	157242
rs34290285	2	242698640	2e-15	157242
rs7203459	16	11230703	4e-15	157242
rs4233366	1	161159147	5e-15	157242
rs12413578	10	9049253	8e-12	157242
rs10957978	8	81285139	1e-11	157242
rs10519068	15	61068704	4e-11	157242
rs5743618	4	38798648	4e-11	157242
rs58521088	6	90985198	7e-11	157242
rs3001426	12	57509055	1e-10	157242
rs73196739	3	188402471	7e-09	157242
rs6683383	1	203100504	1e-08	157242
rs13412757	2	8458080	1e-08	157242
rs1723018	1	167433420	1e-08	157242
rs3784099	14	68749927	2e-08	157242
rs6959584	7	105676505	2e-08	157242
rs200634877	5	141529762	3e-08	157242
rs6691738	1	173152036	3e-08	157242
rs662064	1	10557251	3e-08	157242
rs10197862	2	102966549	2e-06	889
rs9866261	3	64526567	1e-07	889
rs4795397	17	38023745	4e-12	5037
rs11078927	17	38064405	1e-12	5037
rs907092	17	37922259	1e-12	5037
rs4957798	5	108444554	1e-06	7397
rs3741578	12	57394635	1e-06	7397
rs116020758	6	32365896	2e-06	7397
rs12105167	2	48175338	3e-06	7397
rs10171428	2	234876843	3e-06	7397
rs2353275	10	88065112	5e-06	7397
rs578196	13	23762272	7e-06	7397
rs3784143	14	70079300	8e-06	7397
rs62026377	16	11229128	9e-06	7397
rs7830057	8	101431801	9e-06	7397
rs116020758	6	32365896	1e-06	7397
rs58354223	4	54794475	1e-06	7397
rs114381917	3	65545567	2e-06	7397
rs2856328	12	11941579	4e-06	7397
rs6761859	2	174250868	4e-06	7397
rs2502757	9	136586954	5e-06	7397
rs2373794	2	40354477	5e-06	7397
rs141602583	8	6191418	2e-07	7397
rs2040704	5	131973177	2e-07	7397
rs9620247	22	23675803	4e-07	7397
rs7281353	21	23151443	6e-07	7397
rs10835689	11	30613013	9e-07	7397
rs77829948	20	16264763	1e-06	7397
rs7169793	15	54165037	1e-06	7397
rs116201499	16	13907160	1e-06	7397
rs77960860	3	139995126	2e-06	7397
rs12669009	7	86227511	2e-06	7397
rs57728637	9	105045704	2e-06	7397
rs12006110	9	123129972	3e-06	7397
rs191386225	9	30001315	3e-06	7397
rs116276540	8	114292796	3e-06	7397
rs115366932	14	84800604	4e-06	7397
rs188887209	13	33292461	4e-06	7397
rs10964378	9	19994736	5e-06	7397
rs9486080	6	105859167	7e-06	7397
rs4645904	19	49465493	8e-06	7397
rs4290604	2	238070885	8e-06	7397
rs7095944	10	126302936	8e-06	7397
rs59568570	7	6315702	9e-06	7397
rs9390491	6	147993054	9e-06	7397
rs1837253	5	110401872	7e-08	7397
rs11788591	9	132502801	4e-08	7397
rs1837253	5	110401872	4e-07	7397
rs72721168	9	27308288	7e-10	7397
rs1776883	6	34156444	5e-09	7397
rs72721168	9	27308288	2e-08	7397
rs75446656	10	65100016	4e-08	7397
rs36080042	10	65426785	5e-08	7397
rs1101999	1	158932555	4e-09	2727
rs3771180	2	102953617	2e-15	2727
rs1837253	5	110401872	1e-14	2727
rs2381416	9	6193455	2e-12	2727
rs11078927	17	38064405	2e-16	2727
rs4845783	1	152492559	6e-06	2727
rs11214966	11	114231255	6e-07	2727
rs9272346	6	32604372	2e-08	3855
rs7216389	17	38069949	9e-11	2187
rs7686660	4	144003159	2e-12	4836
rs3805236	4	144357737	7e-08	4836
rs1837253	5	110401872	1e-16	4836
rs204993	6	32155581	2e-15	4836
rs404860	6	32184345	4e-23	4836
rs3129943	6	32338695	3e-15	4836
rs3117098	6	32358513	5e-12	4836
rs3129890	6	32414273	5e-13	4836
rs7775228	6	32658079	5e-15	4836
rs9275698	6	32687973	5e-12	4836
rs9500927	6	32961361	4e-09	4836
rs10508372	10	8972018	2e-15	4836
rs2069408	12	56364321	1e-10	4836
rs1701704	12	56412487	2e-13	4836
rs3019885	8	118025645	5e-13	3106
rs987870	6	33042880	2e-10	3106
rs3119939	13	63638329	8e-06	32442
rs7922491	10	53493473	5e-07	32442
rs4129267	1	154426264	2e-08	32442
rs7130588	11	76270683	2e-08	32442
rs9807989	2	102971200	6e-08	4279
rs11745587	5	131796922	2e-06	4279
ch2:211694960	2	212559685	7e-06	4279
rs6867913	5	141445980	4e-06	4279
rs10970976	9	32433526	4e-06	4279
rs4794820	17	38089344	1e-08	4279
rs16984547	19	53682042	4e-06	4279
rs13408661	2	102955082	1e-09	18604
rs9268516	6	32379489	1e-08	18604
rs6456042	6	166534742	6e-06	418
rs3771166	2	102986222	3e-09	26475
rs9273349	6	32625869	7e-14	26475
rs1342326	9	6190076	9e-10	26475
rs744910	15	67446785	4e-09	26475
rs2305480	17	38062196	1e-07	26475
rs3894194	17	38121993	5e-09	26475
rs2284033	22	37534034	1e-08	26475
rs2073643	5	131723288	2e-07	26475
rs1295686	5	131995843	1e-07	26475
rs11071559	15	61069988	1e-07	26475
rs2786098	1	197325908	2e-13	2781
rs2786098	1	197325908	9e-11	2781
rs1588265	5	59369794	3e-08	1205
rs2244012	5	131901225	3e-07	3901
rs17525472	15	51969668	2e-06	3901
rs4815617	20	3827309	8e-06	3901
rs6503525	17	38095174	5e-07	2832
rs9846423	3	113937335	8e-08	5372
rs2353275	10	88065112	2e-07	5372
rs62344088	5	96064	1e-06	5372
rs4957798	5	108444554	3e-06	5372
rs35083325	2	153256712	3e-06	5372
rs62067034	17	38063738	3e-06	5372
rs10811256	9	1995749	5e-06	5372
rs116126524	2	142000895	5e-06	5372
rs6907629	6	167569519	6e-06	5372
rs6872411	5	124310692	7e-06	5372
rs17277929	6	154477913	8e-06	5372
rs1530572	2	134638499	8e-06	5372
rs12600053	16	84844445	9e-06	5372
rs11839433	13	22630603	9e-06	5372
rs13401339	2	234876037	9e-06	5372
rs62067034	17	38063738	5e-06	5372
rs9846423	3	113937335	7e-07	5372
rs2353275	10	88065112	8e-06	5372
rs62344088	5	96064	8e-06	5372
rs4957798	5	108444554	7e-06	5372
rs114381917	3	65545567	2e-06	5372
rs141602583	8	6191418	1e-06	5372
rs7281353	21	23151443	8e-06	5372
rs116201499	16	13907160	5e-06	5372
rs1776883	6	34156444	7e-06	5372
rs75446656	10	65100016	5e-07	5372
rs36080042	10	65426785	1e-07	5372
rs9319321	13	27415673	3e-06	347
rs10762058	10	68088508	6e-06	347
rs16937883	9	20098711	7e-06	347
rs9366309	6	19677824	7e-06	510
rs347412	13	42786680	1e-06	510
rs6763931	3	141102833	4e-06	510
rs2304725	3	10885920	3e-06	510
rs17161791	7	9616980	2e-06	510
rs559389	11	71872777	9e-06	510
rs6475448	9	20497142	2e-09	10
rs7794356	7	70738729	9e-07	10
rs117902240	8	122930641	7e-09	440
rs7541272	1	108211005	4e-06	440
rs35312258	3	143193111	4e-06	440
rs1404568	3	143210189	2e-06	440
rs72716237	9	26458550	1e-06	440
rs115997623	4	119115917	2e-06	497
rs78930606	6	119078652	1e-06	497
rs13277810	8	2550802	3e-08	9518
rs114647118	8	125531353	3e-07	9518
rs3122929	12	57509102	9e-07	9518
rs10519067	15	61068347	2e-07	9518
rs907092	17	37922259	4e-12	9518
chr6:145053377	6	145374513	8e-07	9518
chr4:130040437	4	130961592	2e-07	9518
chr18:42607527	18	40187492	8e-07	9518
chr19:54192692	19	54696542	5e-07	9518
chr1:234597720	1	234733466	9e-07	9518
chr17:38040119	17	34665103	3e-11	9518
rs2858892	6	32693242	4e-07	7271
rs2402306	14	94010781	3e-06	7271
rs17843604	6	32620283	1e-18	54543
rs9269080	6	32440969	1e-08	54543
rs1420101	2	102957716	8e-15	54543
rs3095318	6	31088145	2e-11	8970
rs2147959	1	228644232	1e-07	8970
rs7104956	11	993745	2e-07	8970
rs114623225	6	30279074	2e-07	8970
rs9923856	16	11210415	6e-07	8970
rs2431345	5	123137892	1e-06	8970
rs1293767	12	113425154	2e-06	8970
rs1691562	12	77289420	2e-06	8970
rs646356	1	55167773	2e-06	8970
rs11498342	10	38759553	2e-06	8970
rs74106266	12	83078619	2e-06	8970
rs112461602	8	73009266	3e-06	8970
rs4673397	2	209186122	3e-06	8970
rs147089311	6	31451923	3e-06	8970
rs10022260	4	83793921	3e-06	8970
rs78558203	3	146929105	4e-06	8970
rs3095318	6	31088145	7e-08	8970
rs2147959	1	228644232	7e-08	8970
rs1293767	12	113425154	9e-07	8970
rs646356	1	55167773	9e-07	8970
rs116020758	6	32365896	3e-06	8970
rs58354223	4	54794475	1e-06	8970
rs72721168	9	27308288	3e-07	8970
rs72721168	9	27308288	2e-06	8970
rs281508	2	46411207	1e-06	259
rs2193412	2	51136802	4e-06	259
rs12991650	2	211840828	3e-06	259
rs6790709	3	29047444	3e-06	259
rs4689355	4	6177135	5e-07	259
rs4689318	4	6018891	7e-06	259
rs3812141	6	84234144	8e-07	259
rs6929584	6	70382870	5e-06	259
rs3093009	6	167549477	4e-07	259
rs7777754	7	50666033	6e-06	259
rs2720499	8	17392357	3e-07	259
rs2741335	8	27337791	8e-06	259
rs11812286	10	61073614	3e-06	259
rs1910505	11	11109239	4e-06	259
rs517020	12	129462703	7e-07	259
rs7976838	12	60086206	4e-07	259
rs12436663	14	35639120	6e-08	259
rs1872085	17	71528080	2e-06	259
rs9952762	18	73401650	5e-07	259
rs917063	14	71648072	1e-06	259
rs2899832	14	35740941	6e-06	259
rs2290400	17	38066240	3e-20	1900
rs2549003	5	131829297	9e-07	3606
rs17642749	10	119647256	4e-07	3606
rs4673659	2	213189729	9e-07	3606
rs2675724	6	165565895	2e-07	3606
rs1012307	2	150655221	8e-07	3606
rs9895098	17	2938533	3e-07	3606
rs13153019	5	176782218	3e-06	346545
rs16922576	9	5064193	1e-07	346545
rs7632381	3	141106063	3e-10	346545
rs6446685	4	4766265	1e-09	346545
rs10883723	10	104225832	1e-09	346545
rs10995245	10	64391375	2e-09	346545
rs7953139	12	122662541	8e-11	346545
rs10468514	17	43456240	6e-11	346545
rs2393717	12	121220375	8e-12	346545
rs3813308	5	118690781	1e-11	346545
rs2228145	1	154426970	1e-12	346545
rs12165508	22	41819960	2e-09	346545
rs2070901	1	161185058	6e-12	346545
rs2190097	7	77038945	3e-11	346545
rs3933376	6	128292071	9e-10	346545
rs10912564	1	173170618	1e-13	346545
rs13277355	8	128777719	6e-13	346545
rs1950897	14	68760141	3e-13	346545
rs6473228	8	81299766	2e-15	346545
rs9549238	13	41179321	1e-11	346545
rs12952581	17	47448346	5e-16	346545
rs9290877	3	188442480	2e-15	346545
rs7650683	3	188445783	2e-15	346545
rs12887759	14	103238851	1e-12	346545
rs8126516	21	36452618	1e-09	346545
rs10244416	7	20575751	2e-20	346545
rs4722758	7	28156606	2e-16	346545
rs1295685	5	131996445	3e-19	346545
rs45599938	4	123386720	1e-29	346545
rs77665773	5	14701003	3e-10	346545
rs72743461	15	67441750	5e-37	346545
rs981625	13	74039935	3e-14	346545
rs144829310	9	6208030	2e-37	346545
rs61839660	10	6094697	3e-28	346545
rs7936312	11	76293726	1e-77	346545
rs12122629	1	152074116	1e-24	346545
rs112401631	17	38764524	2e-40	346545
rs72823641	2	102936159	1e-78	346545
rs28407950	6	32626348	7e-70	346545
rs28690449	4	38789132	2e-64	346545
rs1438673	5	110467499	7e-62	346545
rs34290285	2	242698640	6e-58	346545
rs12935657	16	11219041	6e-45	346545
rs6881270	5	35879095	3e-44	346545
rs1775553	10	9054325	1e-31	346545
rs3024971	12	57493727	5e-30	346545
rs891058	2	8442547	3e-29	346545
rs117710327	19	33726578	3e-25	346545
rs1214598	1	167426424	8e-25	346545
rs10519068	15	61068704	3e-24	346545
rs905670	6	90958502	8e-23	346545
rs11213941	11	111434094	3e-18	346545
rs2961920	5	159911506	3e-17	346545
rs479844	11	65551957	3e-17	346545
rs4648883	1	25261203	4e-16	346545
rs7725052	5	40487270	2e-14	346545
rs449454	5	141533062	9e-14	346545
rs653178	12	112007756	3e-14	346545
rs10910095	1	2510755	4e-13	346545
rs1940377	11	128131266	8e-13	346545
rs3540	15	91045408	2e-13	346545
rs4491851	3	33083985	1e-13	346545
rs12440045	15	41782684	2e-13	346545
rs113048054	3	196343817	4e-12	346545
rs2689282	3	121637803	5e-12	346545
rs9494883	6	138171466	1e-11	346545
rs6011033	20	62322699	1e-11	346545
rs2139049	2	198887660	2e-11	346545
rs34210653	17	4535314	2e-10	346545
rs16858573	2	143875725	2e-10	346545
rs11685995	2	228722008	2e-10	346545
rs61192126	3	72394852	9e-10	346545
rs7240948	18	51864456	3e-10	346545
rs6021268	20	50141141	2e-09	346545
rs59183580	11	95425470	2e-09	346545
rs12365699	11	118743286	1e-09	346545
rs12623041	2	112263142	1e-09	346545
rs1143633	2	113590467	1e-09	346545
rs230504	4	103481561	2e-09	346545
rs8086340	18	60006978	7e-09	346545
rs697852	1	226914734	7e-08	346545
rs3787184	20	50157837	8e-08	346545
rs2013724	14	35856348	1e-08	346545
rs1057258	2	234115629	3e-07	346545
rs13088318	3	101242751	9e-06	346545
rs7936070	11	76293527	4e-22	102453
rs61839660	10	6094697	4e-12	102453
rs7705653	5	110142816	2e-20	102453
rs56267624	14	68662359	2e-08	102453
rs115288876	1	152000117	2e-08	102453
rs76962799	9	6187132	4e-08	102453
rs61816766	1	152319572	3e-11	102453
rs146668528	6	32598028	5e-12	102453
rs72823641	2	102936159	4e-24	102453
rs148906978	4	38854369	1e-16	102453
rs4833093	4	38789740	7e-20	102453
rs10414065	19	33721455	3e-08	102453
rs12413578	10	9049253	5e-10	102453
rs3024971	12	57493727	1e-09	102453
rs34290285	2	242698640	2e-15	102453
rs10174949	2	8442248	6e-16	102453
rs1438673	5	110467499	5e-20	102453
rs6881270	5	35879095	3e-15	102453
rs9911533	17	38775476	2e-16	102453
rs12743520	1	93037112	7e-09	102453
rs659529	11	111436896	1e-10	102453
rs3208007	20	62322288	3e-08	102453
rs742230	1	25251424	1e-08	102453
rs1214598	1	167426424	5e-10	102453
rs10008032	4	38745482	2e-10	102453
rs1409123	10	8582317	2e-10	102453
rs8043253	15	41503730	4e-08	102453
rs45605540	4	123141054	4e-10	102453
rs12339348	9	6233082	2e-08	102453
rs11171739	12	56470625	4e-10	102453
rs2766664	20	52171241	1e-11	102453
rs56062135	15	67455630	6e-13	102453
rs11645657	16	11223454	7e-17	102453
rs114633080	6	145404255	1e-06	820
rs10811516	9	21255049	1e-06	820
rs9273374	6	32626614	8e-35	116538
rs72823641	2	102936159	2e-27	116538
rs1241357	8	57705756	1e-14	116538
rs6881270	5	35879095	2e-14	116538
rs10414065	19	33721455	3e-10	116538
rs28393318	4	38784267	2e-19	116538
rs9911533	17	38775476	1e-15	116538
rs1059513	12	57489709	8e-13	116538
rs36045143	16	11224966	2e-21	116538
rs1837253	5	110401872	4e-21	116538
rs34290285	2	242698640	5e-17	116538
rs4916533	3	196373582	2e-08	116538
rs12743520	1	93037112	4e-08	116538
rs1017494	2	235679245	2e-16	116538
rs1214598	1	167426424	5e-11	116538
rs659529	11	111436896	6e-11	116538
rs3208007	20	62322288	3e-10	116538
rs301805	1	8481016	6e-09	116538
rs742230	1	25251424	1e-08	116538
rs10876864	12	56401085	1e-13	116538
rs56267605	4	123363109	3e-12	116538
rs6461503	7	20560996	3e-10	116538
rs10795656	10	8595839	4e-10	116538
rs8008961	14	68752643	1e-08	116538
rs270636	5	5074825	4e-11	116538
rs793607	3	107059723	3e-28	116538
rs276666	9	34889444	8e-11	116538
rs2169282	9	6350235	2e-10	116538
rs2136016	8	81300681	2e-09	116538
rs10074523	5	132060583	2e-10	116538
rs2548992	5	131808668	5e-10	116538
rs869402	17	38068043	4e-17	116538
rs61839660	10	6094697	2e-11	116538
rs7705653	5	110142816	1e-19	116538
rs61816766	1	152319572	5e-12	116538
rs61815704	1	152893891	5e-09	116538
rs56062135	15	67455630	2e-22	116538
rs9775039	9	6177453	4e-22	116538
rs367983479	6	91001333	6e-11	30810
rs7936312	11	76293726	6e-24	30810
rs3749833	5	131799626	6e-14	30810
rs7523907	1	167427247	5e-09	30810
rs7203459	16	11230703	4e-18	30810
rs34290285	2	242698640	2e-23	30810
rs61816761	1	152285861	1e-08	30810
rs10905284	10	8115362	2e-10	30810
rs776111176	6	32581740	3e-16	30810
rs9273410	6	32627250	6e-32	30810
rs2941522	17	37910368	2e-12	30810
rs12479210	2	102949161	2e-29	30810
rs144829310	9	6208030	2e-20	30810
rs560026225	4	123055702	3e-09	30810
rs9517738	13	100112522	3e-06	30810
rs61840192	10	9043404	8e-25	30810
rs71266076	8	81266938	7e-13	30810
rs11603634	11	1136478	2e-08	30810
rs1986009	5	131887986	2e-15	30810
rs301819	1	8501786	3e-07	30810
rs10519068	15	61068704	2e-12	30810
rs7305461	12	56449875	1e-09	30810
rs72743461	15	67441750	5e-14	30810
rs703816	12	57497005	4e-13	30810
rs1837253	5	110401872	2e-22	30810
rs1438673	5	110467499	3e-13	30810
rs112502960	17	47439302	4e-11	30810
rs6581895	12	69842643	5e-07	667
rs150814685	6	28696772	2e-11	567288
rs2854275	6	32628428	3e-13	567288
rs396755	5	104022239	2e-11	567288
rs147121091	6	27271590	3e-08	567288
rs149702363	6	29225025	4e-10	567288
rs493161	6	27850714	1e-09	567288
rs301817	1	8503379	3e-09	567288
rs148696809	6	28934352	5e-09	567288
rs10789340	1	72940273	3e-08	567288
rs2855812	6	31472720	2e-16	567288
rs34290285	2	242698640	2e-21	450910
rs1004548	2	102735706	7e-11	450910
rs301817	1	8503379	5e-08	450910
rs59185885	2	102944246	1e-39	450910
rs1468790	2	103092441	8e-19	450910
rs10167431	2	102852802	4e-18	450910
rs12479210	2	102949161	2e-37	450910
rs3856439	2	8459404	2e-08	450910
rs74538397	2	102579017	8e-10	450910
rs12712161	2	103201305	2e-10	450910
rs13008334	2	103167031	2e-09	450910
rs74263644	2	103194558	2e-13	450910
rs72825990	2	103178948	3e-08	450910
rs6756212	2	146140132	4e-08	450910
rs2811387	3	128015178	1e-08	450910
rs13099273	3	188133518	3e-10	450910
rs1420466	3	168718097	2e-10	450910
rs2019472	3	195735371	2e-08	450910
rs114559131	4	38755970	8e-09	450910
rs13355228	5	156969683	8e-10	450910
rs2057656	5	131809305	1e-19	450910
rs16903574	5	14610309	4e-09	450910
rs12652920	5	131885240	1e-19	450910
rs75639632	5	131915279	2e-12	450910
rs13164856	5	131813204	4e-08	450910
rs9327638	5	132069706	2e-09	450910
rs62381975	5	141513018	1e-09	450910
rs73786772	5	110471791	2e-10	450910
rs1837253	5	110401872	5e-22	450910
rs76072474	6	31631334	2e-08	450910
rs3130490	6	31739120	5e-10	450910
rs140302846	6	32423516	1e-15	450910
rs9268813	6	32424594	8e-14	450910
rs9268848	6	32429303	3e-20	450910
rs140545087	6	32960494	3e-10	450910
rs6899623	6	90986559	1e-12	450910
rs9271365	6	32586794	7e-35	450910
rs2746115	6	32287329	8e-09	450910
rs9272105	6	32599999	5e-12	450910
rs12663317	6	32742827	6e-12	450910
rs2760995	6	32574358	6e-11	450910
rs6689	6	32627700	7e-11	450910
rs28688825	6	32587157	1e-28	450910
rs112796209	6	32549531	1e-10	450910
chr6:32623277	6	32591054	5e-10	450910
rs9275570	6	32678199	3e-18	450910
rs112430285	6	32583880	8e-12	450910
rs11964504	6	32983748	3e-08	450910
rs10486391	7	20376018	4e-09	450910
rs10244416	7	20575751	2e-08	450910
rs73033536	7	3149883	3e-08	450910
rs2001628	8	81303039	6e-15	450910
rs12379291	9	5840749	2e-08	450910
rs7851246	9	6362365	2e-23	450910
rs146597587	9	6255967	4e-11	450910
rs992969	9	6209697	2e-37	450910
rs76962799	9	6187132	5e-15	450910
rs343476	9	6072597	1e-23	450910
rs274947	9	23585312	9e-11	450910
rs570730	10	8106459	3e-09	450910
rs12722547	10	6072093	6e-09	450910
rs12356492	10	9038357	5e-19	450910
rs1031163	10	9057422	9e-30	450910
rs12413578	10	9049253	1e-27	450910
rs2589561	10	9046645	1e-20	450910
rs827620	10	9002169	7e-14	450910
rs17145188	10	9108518	3e-11	450910
rs72782676	10	9032555	7e-11	450910
rs2477923	10	8565990	8e-11	450910
rs827624	10	9001327	7e-10	450910
rs446522	10	8848251	1e-08	450910
rs117418264	10	9076156	2e-08	450910
rs75861713	10	8998729	3e-08	450910
rs12785018	10	8515348	3e-08	450910
rs77987301	10	8892385	5e-08	450910
rs11828343	11	111491322	3e-10	450910
rs7936323	11	76293758	2e-22	450910
rs55646091	11	76299431	2e-16	450910
rs174583	11	61609750	1e-08	450910
rs2618070	11	76035807	5e-08	450910
rs705700	12	56389293	2e-09	450910
rs1059513	12	57489709	7e-12	450910
rs3122929	12	57509102	8e-15	450910
rs10152595	15	67475488	3e-12	450910
rs34986765	15	61069201	2e-10	450910
rs72743461	15	67441750	7e-31	450910
rs12913547	15	67467507	2e-09	450910
rs148586558	15	67381133	8e-09	450910
rs7203459	16	11230703	6e-16	450910
rs140152038	16	27365310	1e-08	450910
rs3024619	16	27364806	5e-12	450910
rs28412876	17	47454515	7e-09	450910
rs79411018	17	38006271	6e-10	450910
rs145835664	17	37579383	2e-08	450910
rs8069176	17	38057197	3e-29	450910
rs8077456	17	38128765	8e-10	450910
rs62066853	17	38130492	6e-09	450910
rs4795402	17	38085385	7e-10	450910
rs9903269	17	37742383	6e-10	450910
rs117710327	19	33726578	4e-16	450910
rs56045941	21	36421331	3e-08	450910
rs6681149	1	32165093	3e-06	450910
rs540874	11	66329732	2e-06	450910
rs111365807	17	73825463	1e-07	450910
rs9895419	17	76840914	7e-06	450910
rs112104755	18	20580534	4e-06	450910
rs8089834	18	39491658	8e-06	450910
rs73504817	19	17167723	2e-06	450910
rs8103278	19	46370381	4e-06	450910
rs1381928	1	8690933	4e-10	457822
rs6681149	1	32165093	3e-13	457822
rs9275570	6	32678199	2e-19	457822
rs28423374	7	20579647	2e-11	457822
rs540874	11	66329732	4e-09	457822
rs4759229	12	56474480	2e-21	457822
rs111365807	17	73825463	1e-11	457822
rs3826331	17	38150492	1e-12	457822
rs9895419	17	76840914	1e-10	457822
rs8089834	18	39491658	1e-13	457822
rs10208293	2	102966310	3e-08	13886
rs9272346	6	32604372	2e-08	13886
rs928413	9	6213387	7e-16	13886
rs1861760	16	50857693	4e-08	13886
rs9901146	17	38043343	2e-16	13886
rs12468899	2	102426140	2e-07	13886
rs11071559	15	61069988	8e-07	13886
rs1805013	16	27373980	8e-07	13886
rs413382	9	6142948	6e-08	13886
rs3859192	17	38128648	2e-13	13886
rs4672623	2	212586204	9e-09	1398
rs10955770	8	117309901	8e-08	1398
rs70620	1	196704997	2e-07	1398
rs12664685	6	143359069	2e-07	1398
rs11137048	8	6526008	3e-07	1398
rs6866110	5	149026402	3e-07	1398
rs62227671	22	44507872	6e-09	1398
rs6122625	20	46473438	6e-08	1398
rs57504074	2	135247223	3e-07	1398
rs2381712	2	146145018	4e-08	28835
rs1893380	18	48647640	5e-06	28835
rs1655558	15	41787585	1e-06	28835
rs11412402	3	127912847	5e-07	28835
rs113092121	10	94384514	8e-07	28835
rs9391997	6	409119	2e-07	28835
rs274943	9	23585839	3e-07	28835
rs188074962	12	121365431	2e-06	28835
rs2070901	1	161185058	1e-06	28835
rs11065979	12	112059557	2e-07	28835
rs892225	19	1152656	2e-07	28835
rs62408233	6	90976609	3e-07	28835
rs12531500	7	20544209	7e-08	28835
rs479844	11	65551957	5e-08	28835
rs4722758	7	28156606	5e-06	28835
rs58521088	6	90985198	3e-07	28835
rs10158467	1	173131493	1e-07	28835
rs35441874	16	11213021	4e-07	28835
rs74180212	2	102798245	3e-08	28835
rs12935657	16	11219041	2e-07	28835
rs4574025	18	60009814	4e-09	28835
rs3122929	12	57509102	1e-09	28835
rs9895436	17	43457886	7e-10	28835
rs1898671	5	110408002	8e-10	28835
rs6594499	5	110470137	2e-10	28835
rs9372120	6	106667535	3e-07	28835
rs3785356	16	27349168	5e-09	28835
rs17454584	4	123353432	5e-08	28835
rs72743461	15	67441750	3e-09	28835
rs34290285	2	242698640	2e-08	28835
rs2299012	5	131916940	7e-09	28835
rs3116989	6	33099538	4e-06	28835
rs11071559	15	61069988	3e-06	28835
rs78037977	1	172715702	5e-06	28835
rs1861245	2	102966906	2e-11	28835
rs10187276	2	228670437	7e-11	28835
rs9860547	3	188128979	1e-16	28835
rs16903574	5	14610309	6e-06	28835
rs11236797	11	76299649	7e-18	28835
rs7936312	11	76293726	6e-19	28835
rs1837253	5	110401872	5e-15	28835
rs62557312	9	6047765	4e-12	28835
rs12365699	11	118743286	4e-12	28835
rs340934	9	6081804	1e-14	28835
rs7848215	9	6213468	9e-22	28835
rs992969	9	6209697	1e-20	28835
rs5743618	4	38798648	3e-21	28835
rs12964116	18	61442619	7e-08	28835
rs60227565	2	102892339	7e-27	28835
rs72823641	2	102936159	9e-30	28835
rs55646091	11	76299431	5e-17	28835
rs117097909	17	38064971	8e-19	28835
rs78545931	2	102882352	1e-12	28835
rs4795399	17	38061439	5e-64	28835
rs12123821	1	152179152	8e-24	28835
rs11658582	17	38763200	1e-10	37846
rs3771175	2	102960210	8e-17	37846
rs10187276	2	228670437	2e-08	37846
rs78147778	2	242682029	2e-08	37846
rs2889896	3	188102716	8e-13	37846
rs4705962	5	132028858	6e-10	37846
rs9274659	6	32636385	7e-18	37846
rs1093	6	31321906	8e-10	37846
rs12207974	6	30455294	9e-11	37846
rs7848215	9	6213468	8e-12	37846
rs1696361	12	121363823	7e-07	37846
rs10774625	12	111910219	1e-07	37846
rs1837253	5	110401872	4e-06	37846
rs11071559	15	61069988	5e-06	37846
rs2069763	4	123377482	8e-06	37846
rs13416555	2	8441735	2e-06	37846
rs479844	11	65551957	1e-06	37846
rs34880821	7	22775450	8e-06	37846
rs117137535	9	140500443	3e-08	37846
rs12365699	11	118743286	4e-14	37846
rs12964116	18	61442619	5e-08	37846
rs4574025	18	60009814	2e-10	37846
rs4795399	17	38061439	7e-65	37846
rs5743618	4	38798648	5e-22	37846
rs61816761	1	152285861	8e-27	37846
rs61894547	11	76248630	4e-15	37846
rs7518129	1	173163568	5e-09	37846
rs10208293	2	102966310	1e-15	37846
rs9272346	6	32604372	7e-08	37846
rs928413	9	6213387	5e-11	37846
rs9901146	17	38043343	4e-57	37846
rs2025758	10	8841669	5e-18	447576
rs7094182	10	8526619	5e-12	447576
rs325485	5	103995368	2e-08	447576
rs227283	4	103607253	3e-08	447576
rs3117006	6	33096708	3e-08	447576
rs6736411	2	63674060	3e-08	447576
rs71565398	6	33601730	4e-08	447576
rs1709393	3	101699154	4e-08	411593
rs10152595	15	67475488	1e-20	457690
rs112104755	18	20580534	7e-10	457690
rs11213940	11	111433927	2e-13	457690
rs12491785	3	168846701	1e-12	457690
rs73084574	7	20344126	4e-12	457690
rs73086541	7	20376103	7e-18	457690
rs73504817	19	17167723	1e-15	457690
rs8103278	19	46370381	5e-11	457690
rs11187027	10	94259180	4e-08	610118
rs1512226	2	60551801	2e-08	610118
rs174584	11	61610750	4e-11	610118
rs3768321	1	40035928	5e-08	610118
rs849139	7	28179396	2e-08	610118
rs174583	11	61609750	4e-10	508957
rs2070901	1	161185058	6e-09	417151
rs61816761	1	152285861	2e-48	417151
rs72702900	1	152771963	9e-21	417151
rs12123821	1	152179152	2e-34	417151
rs7523907	1	167427247	4e-11	417151
rs71625139	1	151802393	2e-08	417151
rs55875222	1	151763334	2e-14	417151
rs12144049	1	152440910	2e-21	417151
rs138726443	1	152280023	4e-10	417151
rs1552994	1	152171461	5e-11	417151
rs61815704	1	152893891	2e-21	417151
rs2065206	1	152771293	2e-08	417151
rs4845604	1	151801680	1e-12	417151
rs3828058	1	151786281	2e-11	417151
rs2230624	1	12175658	9e-10	417151
rs4491070	1	12130051	3e-08	417151
rs11811856	1	173171673	7e-10	417151
rs2422254	1	172779833	6e-09	417151
rs1917534	1	167397271	3e-08	417151
rs4286272	2	198535678	4e-14	417151
rs6755198	2	224663808	3e-08	417151
rs141343442	2	242690770	1e-08	417151
rs34143604	2	242562010	9e-09	417151
rs7370843	2	242674104	1e-08	417151
rs34290285	2	242698640	2e-41	417151
rs115572130	2	242740271	8e-11	417151
rs3771175	2	102960210	8e-50	417151
rs10167431	2	102852802	8e-17	417151
rs13017455	2	102964742	6e-29	417151
rs13416449	2	102842665	7e-12	417151
rs10174949	2	8442248	2e-16	417151
rs13022699	2	102287835	7e-10	417151
rs67768228	2	103253029	3e-11	417151
rs17775170	2	103251927	1e-09	417151
rs2310313	2	103210544	1e-12	417151
rs11688802	2	103126539	2e-09	417151
rs72825990	2	103178948	5e-10	417151
rs61033544	2	112278539	4e-08	417151
rs79761396	3	33164651	1e-09	417151
rs10934569	3	121718453	1e-08	417151
rs9828592	3	33044339	2e-16	417151
rs13099273	3	188133518	3e-14	417151
rs55661102	3	188401138	2e-11	417151
rs112669193	3	196377051	8e-09	417151
rs62296577	3	176849740	1e-11	417151
rs11716087	3	176696022	4e-08	417151
rs509399	3	187681712	4e-09	417151
rs45613035	4	123141070	5e-16	417151
rs62324212	4	123560939	1e-14	417151
rs1479924	4	123387600	9e-13	417151
rs10021288	4	123005534	8e-19	417151
rs151275015	4	123308465	5e-08	417151
rs6847640	4	38747088	9e-15	417151
rs13107091	4	38768287	3e-08	417151
rs1023518	5	131793772	7e-14	417151
rs1457115	5	110567598	5e-13	417151
rs2289278	5	110409148	8e-12	417151
rs149205188	5	110432276	1e-09	417151
rs4594881	5	35846815	1e-13	417151
rs72799426	5	132084229	2e-08	417151
rs16903574	5	14610309	2e-09	417151
rs20541	5	131995964	1e-21	417151
rs2243297	5	131999171	4e-10	417151
rs10455052	5	132034588	1e-12	417151
rs249677	5	141539339	8e-10	417151
rs17513503	5	110146446	3e-20	417151
rs6886061	5	109996467	1e-13	417151
rs73786772	5	110471791	4e-22	417151
rs2289276	5	110407507	2e-11	417151
rs10061842	5	110402855	5e-08	417151
rs114442993	5	110431897	1e-09	417151
rs1837253	5	110401872	2e-35	417151
rs58743367	5	110387762	2e-13	417151
rs12055046	5	110269691	1e-11	417151
rs41267086	6	31847636	6e-12	417151
rs2596544	6	31329291	7e-14	417151
rs34492353	6	31520658	1e-13	417151
rs9268813	6	32424594	8e-15	417151
rs13197384	6	135818897	2e-09	417151
rs2245214	6	106662741	4e-11	417151
rs34744948	6	31562767	4e-11	417151
rs12212193	6	90996769	2e-20	417151
rs17843580	6	32615551	4e-31	417151
rs34104805	6	32589217	1e-13	417151
rs3132954	6	32311459	3e-11	417151
rs73730377	6	32584880	2e-23	417151
rs3997868	6	32578590	1e-13	417151
rs74209703	6	32281016	5e-10	417151
rs542418	6	31836442	3e-08	417151
rs2517690	6	29929073	7e-09	417151
rs12196740	6	31321407	3e-08	417151
rs41288885	6	32685198	9e-10	417151
rs35449774	6	33031612	3e-11	417151
rs3130160	6	33124972	9e-11	417151
rs3116995	6	33098051	6e-09	417151
rs11751024	6	32586236	5e-24	417151
rs41263828	6	32632995	1e-10	417151
rs2647003	6	32664880	3e-13	417151
rs7770794	6	154627823	1e-08	417151
rs151027268	6	32789400	2e-08	417151
rs2229094	6	31540556	3e-09	417151
rs28559870	6	31377974	2e-08	417151
rs9266289	6	31328756	4e-08	417151
rs41273040	6	31475056	6e-09	417151
rs41285280	6	128291649	6e-15	417151
rs3819720	6	32804570	3e-08	417151
rs2904789	6	31452432	5e-11	417151
rs443863	6	32201591	6e-09	417151
rs2390314	7	20455978	7e-09	417151
rs78823938	7	28140951	5e-09	417151
rs1012177	7	22610713	4e-09	417151
rs35621564	7	20586843	7e-10	417151
rs13263709	8	81287175	1e-16	417151
rs117137535	9	140500443	3e-08	417151
rs2159778	9	123678129	2e-10	417151
rs3003612	9	130988616	1e-08	417151
rs66632892	9	5866925	4e-13	417151
rs41280733	9	5765648	1e-09	417151
rs10975660	9	6583518	7e-09	417151
rs76962799	9	6187132	1e-26	417151
rs2169287	9	6305904	2e-31	417151
rs149045797	9	6252690	1e-12	417151
rs3939286	9	6210099	7e-44	417151
rs16924144	9	6221246	6e-10	417151
rs72699185	9	6175522	6e-09	417151
rs10975413	9	6049843	2e-21	417151
rs138407416	9	131472802	6e-09	417151
rs544253	9	6142157	3e-08	417151
rs12722502	10	6093139	9e-14	417151
rs7918084	10	94429467	9e-11	417151
rs7893324	10	6111075	3e-09	417151
rs17406680	10	9208204	2e-11	417151
rs41284471	10	6626214	1e-09	417151
rs1444782	10	9058671	4e-27	417151
rs2589561	10	9046645	9e-27	417151
rs12413578	10	9049253	3e-23	417151
rs2025758	10	8841669	9e-13	417151
rs72782676	10	9032555	1e-10	417151
rs1143869	10	9293290	5e-10	417151
rs17145188	10	9108518	1e-09	417151
rs75861713	10	8998729	7e-09	417151
rs10791824	11	65559266	6e-14	417151
rs7936312	11	76293726	5e-56	417151
rs55646091	11	76299431	7e-41	417151
rs72944758	11	76173948	1e-08	417151
rs12365699	11	118743286	4e-11	417151
rs143942614	11	76419941	3e-08	417151
rs12420744	11	76114021	2e-14	417151
rs12718488	11	76366690	2e-08	417151
rs2213020	11	76034701	1e-13	417151
rs1892954	11	76272639	9e-11	417151
rs60748394	11	76267767	1e-09	417151
rs2618070	11	76035807	2e-08	417151
rs705699	12	56384804	4e-16	417151
rs3024971	12	57493727	3e-24	417151
rs17547610	12	57530341	1e-15	417151
rs3122929	12	57509102	4e-25	417151
rs61946386	12	121364025	1e-08	417151
rs62623446	12	55368291	2e-10	417151
rs7325747	13	100029932	8e-12	417151
rs8008961	14	68752643	2e-14	417151
rs10152595	15	67475488	9e-14	417151
rs8043253	15	41503730	3e-10	417151
rs12440111	15	41782721	2e-08	417151
rs34986765	15	61069201	6e-14	417151
rs922782	15	61070183	6e-09	417151
rs17293632	15	67442596	4e-27	417151
rs12912010	15	67467143	2e-14	417151
rs28617673	15	67371244	3e-11	417151
rs12925631	16	11253834	4e-09	417151
rs7206912	16	11244658	2e-14	417151
rs79156681	16	11304320	2e-08	417151
rs12935657	16	11219041	1e-25	417151
rs12600062	16	68287544	4e-08	417151
rs9940480	16	27349438	4e-12	417151
rs1158136	16	27420037	7e-09	417151
rs151770	16	11340521	3e-08	417151
rs16948048	17	47440466	3e-17	417151
rs4793090	17	40686342	5e-08	417151
rs113366589	17	40516616	3e-09	417151
rs4795413	17	38150946	8e-11	417151
rs150260796	17	38168828	3e-09	417151
rs75905358	17	38284863	1e-10	417151
rs9903269	17	37742383	1e-16	417151
rs79411018	17	38006271	1e-10	417151
rs145835664	17	37579383	4e-12	417151
rs56380902	17	38066372	6e-39	417151
rs3859192	17	38128648	1e-16	417151
rs7224548	17	43337136	8e-10	417151
rs10305290	17	38604546	4e-09	417151
rs9889953	17	38754800	2e-12	417151
rs112401631	17	38764524	6e-16	417151
rs12964116	18	61442619	5e-14	417151
rs117552144	19	3136091	4e-08	417151
rs118013485	19	33726577	2e-14	417151
rs2766666	20	52172141	4e-10	417151
rs2834787	21	36502558	3e-08	417151
rs132911	22	41804160	2e-08	417151
rs117733692	8	10043990	1e-06	6143
rs3772010	2	7100211	3e-06	6143
rs11665213	18	45022713	7e-06	6143
rs1677005	18	23983677	8e-06	6143
rs35614679	18	23895837	8e-06	6143
rs7523907	1	167427247	5e-08	426604
rs3767745	1	198657850	2e-10	426604
rs34290285	2	242698640	8e-20	426604
rs59185885	2	102944246	5e-27	426604
rs1468790	2	103092441	1e-14	426604
rs10167431	2	102852802	4e-14	426604
rs12479210	2	102949161	3e-33	426604
rs13022699	2	102287835	4e-08	426604
rs74263644	2	103194558	1e-09	426604
rs1474011	2	146118069	1e-09	426604
rs4491851	3	33083985	1e-09	426604
rs62296577	3	176849740	1e-10	426604
rs75355720	5	156636712	9e-10	426604
rs3749833	5	131799626	2e-15	426604
rs115008099	5	131991881	2e-15	426604
rs60153262	5	131984835	7e-12	426604
rs1821263	5	141468254	5e-08	426604
rs73786772	5	110471791	6e-11	426604
rs1837253	5	110401872	4e-19	426604
rs76072474	6	31631334	1e-11	426604
rs3130490	6	31739120	2e-14	426604
rs140302846	6	32423516	7e-13	426604
rs9268813	6	32424594	1e-17	426604
rs140545087	6	32960494	5e-09	426604
rs6454805	6	90986353	2e-15	426604
rs3104369	6	32602482	1e-11	426604
rs35789108	6	32550126	2e-23	426604
rs12661352	6	32745527	3e-09	426604
rs4713555	6	32575524	7e-13	426604
rs566952760	6	32592793	2e-10	426604
rs9275282	6	32662974	1e-14	426604
rs6689	6	32627700	3e-09	426604
rs9272426	6	32605189	1e-33	426604
rs28688825	6	32587157	9e-24	426604
rs34084957	6	32554404	3e-12	426604
rs9266629	6	31346822	4e-09	426604
rs2001628	8	81303039	1e-12	426604
rs10091870	8	81318892	4e-09	426604
rs7047575	9	5841438	3e-09	426604
rs7851246	9	6362365	2e-19	426604
rs146597587	9	6255967	2e-09	426604
rs992969	9	6209697	8e-30	426604
rs76962799	9	6187132	6e-15	426604
rs115053934	9	5950583	1e-08	426604
rs10975413	9	6049843	8e-18	426604
rs477771	10	8103059	2e-09	426604
rs12722502	10	6093139	3e-10	426604
rs17406680	10	9208204	2e-12	426604
rs72782676	10	9032555	6e-11	426604
rs962992	10	9053073	2e-34	426604
rs12413578	10	9049253	5e-26	426604
rs2589561	10	9046645	4e-25	426604
rs930579	10	9037492	1e-15	426604
rs827620	10	9002169	1e-14	426604
rs10795672	10	8777640	2e-11	426604
rs17145188	10	9108518	2e-10	426604
rs12785018	10	8515348	4e-10	426604
rs118091978	10	9150199	5e-10	426604
rs7936070	11	76293527	6e-22	426604
rs55646091	11	76299431	2e-11	426604
rs174584	11	61610750	4e-16	426604
rs705700	12	56389293	1e-09	426604
rs1059513	12	57489709	2e-15	426604
rs17547610	12	57530341	9e-09	426604
rs3122929	12	57509102	3e-14	426604
rs8002731	13	40362229	4e-10	426604
rs10152595	15	67475488	1e-11	426604
rs7183955	15	61049569	3e-08	426604
rs72743461	15	67441750	3e-21	426604
rs28617673	15	67371244	1e-10	426604
rs12912010	15	67467143	1e-09	426604
rs35441874	16	11213021	3e-15	426604
rs140152038	16	27365310	2e-08	426604
rs2239346	16	27359061	5e-09	426604
rs2412099	17	47469186	1e-08	426604
rs117710327	19	33726578	7e-15	426604
rs56045941	21	36421331	4e-10	426604
rs6681149	1	32165093	7e-06	426604
rs4616071	11	111440865	1e-06	426604
rs1787663	11	65294830	6e-06	426604
rs4842921	15	84556623	3e-06	426604
rs111365807	17	73825463	4e-07	426604
rs8103278	19	46370381	2e-06	426604
rs72836344	2	111874699	2e-06	426604
rs7670374	4	53304118	4e-06	426604
rs6900923	6	144298200	4e-06	426604
rs57585717	7	28149255	2e-06	327253
rs11255504	10	8104341	8e-10	327253
rs7099257	10	8510957	6e-07	327253
rs28415845	11	1145844	3e-12	327253
rs174535	11	61551356	3e-11	327253
rs1784775	11	111472460	6e-09	327253
rs17668708	1	198640488	3e-13	327253
rs2381712	2	146145018	3e-16	327253
rs12722502	10	6093139	4e-12	327253
rs28635831	13	40319954	4e-09	327253
rs4771332	13	100070457	6e-12	327253
rs3024655	16	27369502	1e-11	327253
rs2056625	1	167420299	8e-11	327253
rs60227565	2	102892339	1e-32	327253
rs12470864	2	102926362	1e-31	327253
rs34290285	2	242698640	2e-28	327253
rs4491851	3	33083985	4e-13	327253
rs62322662	4	123359569	8e-10	327253
rs11742240	5	35881376	9e-14	327253
rs540485182	5	110161474	4e-15	327253
rs1837253	5	110401872	1e-18	327253
rs1898671	5	110408002	1e-22	327253
rs6866614	5	131787137	4e-23	327253
rs10699671	5	141518941	2e-12	327253
rs58521088	6	90985198	3e-14	327253
rs35204956	8	81302013	4e-16	327253
rs62557312	9	6047765	8e-20	327253
rs992969	9	6209697	2e-29	327253
rs10795672	10	8777640	1e-12	327253
rs1775554	10	9054340	3e-47	327253
rs7936312	11	76293726	3e-31	327253
rs2544026	12	48186563	2e-13	327253
rs7302200	12	56449435	4e-15	327253
rs1059513	12	57489709	5e-20	327253
rs7183955	15	61049569	8e-12	327253
rs72743461	15	67441750	1e-24	327253
rs35441874	16	11213021	1e-19	327253
rs10667251	17	47465744	5e-09	327253
rs117710327	19	33726578	3e-18	327253
rs11088309	21	36464631	5e-12	327253
rs301816	1	8505058	5e-06	327253
rs6441084	3	156310776	4e-06	327253
rs62296577	3	176849740	6e-06	327253
rs11715524	3	195762492	3e-10	327253
rs190438685	4	39390445	1e-06	327253
rs17454584	4	123353432	2e-10	327253
rs10208293	2	102966310	3e-06	339801
rs9272346	6	32604372	2e-47	339801
rs928413	9	6213387	5e-17	339801
rs28407950	6	32626348	8e-31	339801
rs1775554	10	9054340	5e-29	339801
rs2428494	6	31322197	5e-23	339801
rs992969	9	6209697	3e-17	339801
rs1837253	5	110401872	3e-13	339801
rs17622378	5	131778452	3e-13	339801
rs72823641	2	102936159	4e-12	339801
rs1321859	6	91011673	6e-12	339801
rs56062135	15	67455630	6e-12	339801
rs34290285	2	242698640	2e-11	339801
rs56389811	12	48205358	2e-10	339801
rs12617922	2	146156679	2e-10	339801
rs7936312	11	76293726	4e-09	339801
rs3122929	12	57509102	6e-09	339801
rs12788104	11	1123739	1e-08	339801
rs11088309	21	36464631	5e-08	339801
rs4739738	8	81291645	9e-08	339801
rs174621	11	61630104	1e-08	339801
rs35032408	16	11215424	1e-08	339801
rs11178648	12	71533210	7e-07	339801
rs1117490	6	30170510	7e-07	339801
rs705699	12	56384804	6e-07	339801
rs10414065	19	33721455	1e-06	339801
rs1723018	1	167433420	7e-06	339801
rs2056626	1	167420425	2e-07	339801
rs6681149	1	32165093	3e-13	457822
rs72836344	2	111874699	4e-09	457822
rs12493005	3	176912899	2e-11	457822
rs7670374	4	53304118	5e-10	457822
rs6900923	6	144298200	5e-10	457822
rs4759229	12	56474480	2e-23	457822
rs111365807	17	73825463	7e-12	457822
rs6427082	1	167295838	3e-13	457822
rs72836349	2	111891795	1e-18	457690
rs1787663	11	65294830	6e-10	457690
rs4616071	11	111440865	6e-12	457690
rs10152595	15	67475488	3e-20	457690
rs4842921	15	84556623	8e-11	457690
rs8103278	19	46370381	1e-11	457690
rs174584	11	61610750	2e-20	585812
rs2185756	10	94430497	3e-29	585812
rs3104369	6	32602482	9e-15	585812
rs429358	19	45411941	2e-10	585812
rs4933236	10	94498436	1e-08	585812
rs9275511	6	32674329	4e-18	585812
rs174583	11	61609750	4e-17	484651
rs12023876	1	203093201	7e-12	406621
rs2070901	1	161185058	3e-09	406621
rs35665093	1	150809033	3e-12	406621
rs61816761	1	152285861	4e-73	406621
rs72702900	1	152771963	1e-30	406621
rs12123821	1	152179152	4e-55	406621
rs71625139	1	151802393	3e-17	406621
rs55875222	1	151763334	5e-25	406621
rs150597413	1	152277622	9e-13	406621
rs12144049	1	152440910	2e-27	406621
rs138726443	1	152280023	2e-10	406621
rs1552994	1	152171461	1e-13	406621
rs145282902	1	152192456	8e-13	406621
rs11588970	1	152175155	2e-10	406621
rs115813648	1	152921586	3e-28	406621
rs3828058	1	151786281	6e-18	406621
rs10864360	1	8724522	4e-09	406621
rs4845604	1	151801680	2e-13	406621
rs11811856	1	173171673	1e-11	406621
rs535153283	1	153105074	2e-10	406621
rs1199156	1	152459747	6e-10	406621
rs78037977	1	172715702	1e-09	406621
rs859725	1	172734598	1e-08	406621
rs6755248	2	224664050	9e-09	406621
rs141343442	2	242690770	4e-09	406621
rs34290285	2	242698640	2e-34	406621
rs12469459	2	242716380	5e-12	406621
rs1007027	2	102731596	6e-14	406621
rs874953	2	102729874	7e-10	406621
rs3917339	2	102782224	3e-09	406621
rs72823641	2	102936159	7e-60	406621
rs2302621	2	102842124	1e-19	406621
rs12470864	2	102926362	3e-28	406621
rs13416555	2	8441735	5e-15	406621
rs13022699	2	102287835	1e-10	406621
rs17775170	2	103251927	1e-13	406621
rs10209131	2	103209596	3e-12	406621
rs72825929	2	103087086	8e-10	406621
rs72825990	2	103178948	3e-16	406621
rs1811711	2	228670476	2e-10	406621
rs79337446	3	33088785	3e-10	406621
rs2999076	3	127958692	2e-09	406621
rs9828592	3	33044339	9e-15	406621
rs13097957	3	156356157	2e-08	406621
rs13099273	3	188133518	1e-26	406621
rs55661102	3	188401138	2e-10	406621
rs7626218	3	176852038	2e-10	406621
rs62324212	4	123560939	3e-13	406621
rs45613035	4	123141070	9e-12	406621
rs2069772	4	123373133	8e-11	406621
rs5743597	4	38802346	2e-09	406621
rs4833103	4	38815502	2e-18	406621
rs75983064	4	38820691	1e-09	406621
rs111066798	4	38755477	1e-20	406621
rs11096954	4	38722964	3e-08	406621
rs13164856	5	131813204	1e-09	406621
rs7713065	5	131788334	2e-15	406621
rs306106	5	110620830	4e-09	406621
rs2162893	5	110558064	4e-17	406621
rs114081163	5	110469632	1e-08	406621
rs149205188	5	110432276	2e-10	406621
rs72799426	5	132084229	1e-09	406621
rs16903574	5	14610309	1e-14	406621
rs9327638	5	132069706	2e-10	406621
rs762534	5	132004756	2e-08	406621
rs17510339	5	132029414	2e-20	406621
rs6894017	5	131952398	3e-27	406621
rs17772583	5	131953510	3e-08	406621
rs249677	5	141539339	1e-09	406621
rs9784725	5	110213511	1e-12	406621
rs7730817	5	110004749	1e-09	406621
rs7714962	5	110559554	6e-09	406621
rs2289278	5	110409148	2e-08	406621
rs1837253	5	110401872	3e-35	406621
rs62375550	5	110387125	6e-09	406621
rs34492353	6	31520658	6e-12	406621
rs4647195	6	31540957	4e-08	406621
rs2855812	6	31472720	2e-10	406621
rs78546106	6	32305238	6e-11	406621
rs35342892	6	106613763	2e-09	406621
rs9372120	6	106667535	2e-09	406621
rs207270	6	90828882	5e-09	406621
rs6908626	6	91005743	5e-15	406621
rs62407927	6	33439781	5e-09	406621
rs116835963	6	32377053	2e-10	406621
rs9270911	6	32572202	1e-27	406621
rs34104805	6	32589217	4e-17	406621
rs73730372	6	32584581	9e-26	406621
rs2395141	6	32282068	3e-10	406621
rs34853064	6	30945625	6e-09	406621
rs13203830	6	29908804	8e-10	406621
rs41288889	6	32712009	2e-09	406621
rs35449774	6	33031612	2e-16	406621
rs3130169	6	33048102	2e-08	406621
rs41316204	6	32634765	2e-12	406621
rs11751024	6	32586236	9e-35	406621
rs9275241	6	32660741	2e-13	406621
rs9273012	6	32611641	3e-16	406621
rs9275602	6	32682812	8e-10	406621
rs6905736	6	19843767	1e-08	406621
rs529876593	6	129310676	1e-08	406621
rs1799964	6	31542308	1e-11	406621
rs2855811	6	31471801	1e-09	406621
rs55743914	6	128293562	3e-10	406621
rs3819720	6	32804570	2e-08	406621
rs6918558	6	128143524	2e-09	406621
rs574560492	6	32872919	5e-08	406621
rs6954667	7	22780322	7e-09	406621
rs3757727	7	20411897	1e-10	406621
rs10262599	7	20384813	8e-09	406621
rs2390314	7	20455978	2e-08	406621
rs78823938	7	28140951	9e-09	406621
rs10244416	7	20575751	1e-13	406621
rs13279820	8	128777766	5e-14	406621
rs4739738	8	81291645	6e-17	406621
rs4733778	8	128828680	3e-09	406621
rs150707349	9	101989706	4e-08	406621
rs117137535	9	140500443	1e-09	406621
rs1929933	9	6555079	9e-11	406621
rs76962799	9	6187132	3e-23	406621
rs10815376	9	6222149	6e-26	406621
rs146597587	9	6255967	1e-10	406621
rs928412	9	6213148	3e-59	406621
rs55645596	9	6236407	6e-14	406621
rs72699185	9	6175522	1e-10	406621
rs371454	9	6078614	3e-37	406621
rs75557055	9	5888194	8e-09	406621
rs544253	9	6142157	1e-10	406621
rs274943	9	23585839	1e-10	406621
rs12379291	9	5840749	3e-10	406621
rs117248841	9	6169383	3e-09	406621
rs7918084	10	94429467	8e-12	406621
rs12722547	10	6072093	4e-09	406621
rs17363282	10	9120894	3e-16	406621
rs10737105	10	6631223	1e-14	406621
rs1612986	10	9064716	2e-24	406621
rs12413578	10	9049253	4e-21	406621
rs1444782	10	9058671	4e-18	406621
rs7894791	10	8591369	2e-12	406621
rs10791824	11	65559266	7e-18	406621
rs497916	11	118758089	8e-09	406621
rs11236797	11	76299649	3e-47	406621
rs61894547	11	76248630	6e-44	406621
rs7106446	11	76198561	3e-09	406621
rs61892804	11	76073208	5e-08	406621
rs12365699	11	118743286	1e-14	406621
rs2017759	11	76116985	2e-15	406621
rs3197153	11	76369072	5e-14	406621
rs6592657	11	76377819	5e-08	406621
rs7936275	11	10660840	3e-09	406621
rs2213020	11	76034701	1e-13	406621
rs10836538	11	36365253	2e-08	406621
rs6592651	11	76285422	9e-12	406621
rs2618070	11	76035807	2e-11	406621
rs1696390	12	121358644	5e-12	406621
rs11065286	12	121271734	2e-13	406621
rs705699	12	56384804	9e-17	406621
rs3024971	12	57493727	4e-15	406621
rs17547610	12	57530341	8e-11	406621
rs3122929	12	57509102	4e-25	406621
rs62623446	12	55368291	4e-09	406621
rs4772189	13	99994573	3e-12	406621
rs912425	13	42997324	2e-09	406621
rs2208397	14	68753287	1e-09	406621
rs17103286	14	35885041	5e-09	406621
rs10152593	15	67475435	8e-12	406621
rs56336520	15	67457840	5e-09	406621
rs1965139	15	41536352	1e-08	406621
rs34986765	15	61069201	5e-18	406621
rs56062135	15	67455630	3e-33	406621
rs12912010	15	67467143	2e-12	406621
rs28617673	15	67371244	2e-09	406621
rs6498169	16	11249329	9e-12	406621
rs17804800	16	11125293	3e-08	406621
rs36045143	16	11224966	3e-20	406621
rs2066844	16	50745926	5e-09	406621
rs8052566	16	27280632	4e-08	406621
rs3785356	16	27349168	4e-16	406621
rs75763833	16	27380672	4e-09	406621
rs61584523	16	87899585	6e-09	406621
rs11648656	16	11020455	2e-08	406621
rs28406364	17	47454507	5e-13	406621
rs1044977	17	43227214	3e-08	406621
rs10468514	17	43456240	2e-11	406621
rs78625142	17	44368630	2e-08	406621
rs141908043	17	38140274	2e-09	406621
rs35142265	17	38269759	2e-17	406621
rs143669790	17	37985779	2e-20	406621
rs114211283	17	37976093	4e-14	406621
rs146459536	17	37978995	7e-34	406621
rs145835664	17	37579383	8e-23	406621
rs3764354	17	37916823	2e-22	406621
rs111935829	17	38081394	9e-09	406621
rs12600751	17	37553651	1e-21	406621
rs11651596	17	38056116	2e-124	406621
rs59843584	17	38124892	4e-18	406621
rs2302776	17	38178149	3e-30	406621
rs6503533	17	38184580	7e-30	406621
rs3152	17	37827670	3e-11	406621
rs76144645	17	37464690	2e-10	406621
rs75097049	17	37388567	3e-08	406621
rs1552458	17	43298388	1e-09	406621
rs11871317	17	38122882	8e-12	406621
rs150597587	17	38104568	3e-11	406621
rs17676191	17	37949924	3e-08	406621
rs11658582	17	38763200	6e-13	406621
rs4795402	17	38085385	6e-30	406621
rs140907835	17	37296629	3e-11	406621
rs56308324	17	45819206	1e-09	406621
rs939348	17	38231853	3e-11	406621
rs112037479	17	37776644	5e-08	406621
rs1893958	18	51829629	3e-10	406621
rs115515961	18	51836253	3e-08	406621
rs12964116	18	61442619	1e-22	406621
rs4574025	18	60009814	2e-12	406621
rs2918300	19	8787027	1e-08	406621
rs892225	19	1152656	2e-11	406621
rs117710327	19	33726578	5e-12	406621
rs9611573	22	41787676	3e-08	406621
rs3117006	6	33096708	2e-06	357157
rs2855812	6	31472720	4e-07	357157
rs61816761	1	152285861	2e-65	327670
rs7518129	1	173163568	2e-11	327670
rs12023876	1	203093201	1e-09	327670
rs943451	10	6621773	8e-14	327670
rs7894791	10	8591369	9e-11	327670
rs1775554	10	9054340	3e-13	327670
rs12365699	11	118743286	2e-13	327670
rs479844	11	65551957	1e-11	327670
rs61894547	11	76248630	2e-39	327670
rs7936312	11	76293726	5e-33	327670
rs10774625	12	111910219	2e-08	327670
rs1696361	12	121363823	1e-11	327670
rs62623446	12	55368291	1e-10	327670
rs705699	12	56384804	1e-11	327670
rs3122929	12	57509102	7e-17	327670
rs11178648	12	71533210	4e-08	327670
rs1887704	13	99974492	5e-13	327670
rs1950897	14	68760141	1e-08	327670
rs11071559	15	61069988	3e-15	327670
rs56062135	15	67455630	3e-26	327670
rs35032408	16	11215424	5e-14	327670
rs3785356	16	27349168	6e-13	327670
rs2066844	16	50745926	4e-08	327670
rs4795399	17	38061439	1e-111	327670
rs8066625	17	40390629	5e-09	327670
rs56308324	17	45819206	3e-09	327670
rs28406364	17	47454507	1e-11	327670
rs4574025	18	60009814	9e-09	327670
rs12964116	18	61442619	3e-16	327670
rs4807630	19	1170445	2e-08	327670
rs10414065	19	33721455	6e-09	327670
rs72823641	2	102936159	3e-46	327670
rs10175070	2	228670575	4e-12	327670
rs34290285	2	242698640	2e-20	327670
rs13416555	2	8441735	2e-13	327670
rs12634152	3	188121019	1e-16	327670
rs35570272	3	33047662	3e-10	327670
rs2069763	4	123377482	2e-14	327670
rs5743618	4	38798648	3e-32	327670
rs1837253	5	110401872	2e-27	327670
rs17622378	5	131778452	9e-11	327670
rs2051809	5	132056874	3e-22	327670
rs16903574	5	14610309	9e-16	327670
rs10036789	5	71695918	5e-08	327670
rs1117490	6	30170510	3e-08	327670
rs2428494	6	31322197	8e-23	327670
rs28407950	6	32626348	1e-59	327670
rs9391997	6	409119	7e-11	327670
rs1321859	6	91011673	9e-10	327670
rs4473914	7	20426263	9e-09	327670
rs34880821	7	22775450	5e-10	327670
rs917115	7	28172586	2e-09	327670
rs13277355	8	128777719	2e-10	327670
rs4739738	8	81291645	3e-13	327670
rs117137535	9	140500443	4e-09	327670
rs992969	9	6209697	7e-42	327670
rs1723018	1	167433420	8e-06	327670
rs7705042	5	141492419	4e-07	327670
rs6461503	7	20560996	9e-08	327670
rs1623866	20	62333022	9e-06	327670
rs10208293	2	102966310	4e-38	327670
rs9272346	6	32604372	4e-37	327670
rs928413	9	6213387	2e-40	327670
rs9901146	17	38043343	8e-99	327670
rs1102705	1	172700868	1e-07	314633
rs117683492	15	67413624	2e-06	314633
rs17103286	14	35885041	4e-07	314633
rs2766667	20	52172404	1e-07	314633
rs28522747	6	35134729	1e-07	314633
rs5758364	22	41855912	3e-06	314633
rs912425	13	42997324	2e-07	314633
rs5953283	X	49139787	6e-10	314633
rs7625643	3	141150026	5e-09	314633
rs6954667	7	22780322	3e-08	314633
rs850637	X	13023741	8e-14	314633
rs10995245	10	64391375	4e-10	314633
rs2450083	8	120063542	8e-11	314633
rs71421264	14	103244070	3e-11	314633
rs7626218	3	176852038	4e-11	314633
rs9391997	6	409119	4e-12	314633
rs1806656	3	121716171	1e-10	314633
rs6755248	2	224664050	3e-13	314633
rs1893380	18	48647640	4e-13	314633
rs2052690	11	10664033	1e-11	314633
rs35570272	3	33047662	4e-14	314633
rs11412402	3	127912847	4e-14	314633
rs10836538	11	36365253	3e-13	314633
rs892225	19	1152656	1e-12	314633
rs4574025	18	60009814	8e-14	314633
rs12965763	18	51816408	4e-11	314633
rs274943	9	23585839	3e-16	314633
rs140522418	11	128172837	4e-10	314633
rs943451	10	6621773	4e-15	314633
rs149317277	7	20423924	8e-17	314633
rs2918302	19	8785744	5e-10	314633
rs9893132	17	38755021	3e-17	314633
rs17144046	10	8606014	3e-15	314633
rs11065979	12	112059557	5e-18	314633
rs6927172	6	138002175	3e-13	314633
rs1716183	12	123635096	4e-11	314633
rs1655558	15	41787585	2e-18	314633
rs67551275	1	9356676	4e-18	314633
rs113092121	10	94384514	3e-20	314633
rs9895436	17	43457886	6e-20	314633
rs143326447	2	112268732	2e-09	314633
rs55743914	6	128293562	2e-15	314633
rs12531500	7	20544209	7e-22	314633
rs188074962	12	121365431	2e-20	314633
rs12023876	1	203093201	5e-21	314633
rs1617333	1	167436270	3e-22	314633
rs479844	11	65551957	3e-23	314633
rs1887704	13	99974492	5e-20	314633
rs449454	5	141533062	2e-22	314633
rs34445740	15	67475765	8e-20	314633
rs3749833	5	131799626	1e-19	314633
rs705700	12	56389293	3e-24	314633
rs12952581	17	47448346	4e-24	314633
rs10187276	2	228670437	2e-19	314633
rs13277355	8	128777719	1e-23	314633
rs1885013	14	68754695	3e-25	314633
rs78037977	1	172715702	6e-13	314633
rs3856439	2	8459404	6e-28	314633
rs9372120	6	106667535	9e-21	314633
rs2221641	8	81294702	2e-30	314633
rs3785356	16	27349168	9e-27	314633
rs4845604	1	151801680	2e-16	314633
rs111789468	6	33033824	2e-13	314633
rs10158467	1	173131493	8e-29	314633
rs3122929	12	57509102	2e-34	314633
rs55661102	3	188401138	4e-20	314633
rs3116989	6	33099538	3e-17	314633
rs2070901	1	161185058	3e-32	314633
rs74180212	2	102798245	5e-37	314633
rs62408233	6	90976609	3e-38	314633
rs4722758	7	28156606	3e-28	314633
rs9860547	3	188128979	4e-42	314633
rs12750027	1	213056427	3e-10	314633
rs17454584	4	123353432	6e-36	314633
rs7734635	5	110158844	2e-30	314633
rs12365699	11	118743286	4e-30	314633
rs62623446	12	55368291	8e-13	314633
rs2066844	16	50745926	1e-10	314633
rs113010607	5	132105698	2e-19	314633
rs1612986	10	9064716	8e-41	314633
rs114444221	6	31303324	9e-18	314633
rs12935657	16	11219041	1e-49	314633
rs6594499	5	110470137	4e-66	314633
rs2299012	5	131916940	1e-49	314633
rs16903574	5	14610309	1e-23	314633
rs11071559	15	61069988	2e-37	314633
rs1861245	2	102966906	2e-69	314633
rs72743461	15	67441750	6e-63	314633
rs11236797	11	76299649	1e-93	314633
rs5743618	4	38798648	3e-74	314633
rs340934	9	6081804	3e-62	314633
rs34290285	2	242698640	4e-69	314633
rs12413578	10	9049253	9e-41	314633
rs1837253	5	110401872	7e-94	314633
rs117710327	19	33726578	3e-29	314633
rs7848215	9	6213468	5e-115	314633
rs12964116	18	61442619	8e-18	314633
rs12722502	10	6093139	7e-14	314633
rs4795399	17	38061439	1e-257	314633
rs117097909	17	38064971	2e-51	314633
rs72823641	2	102936159	2e-136	314633
rs12123821	1	152179152	8e-48	314633
rs112401631	17	38764524	2e-18	314633
rs55646091	11	76299431	6e-74	314633
rs78545931	2	102882352	9e-59	314633
rs4988958	2	102968285	5e-13	20762
rs1295685	5	131996445	2e-09	20762
rs2596464	6	31412961	1e-08	20762
rs12551256	9	6231239	3e-08	20762
rs8069176	17	38057197	4e-26	20762
rs13037508	20	14928945	8e-06	5086
rs660498	10	27740959	2e-07	1227
rs17446324	7	83157804	5e-06	1227
rs67731056	19	7264549	7e-06	1227
rs2305480	17	38062196	6e-23	3684
rs928413	9	6213387	9e-13	3684
rs6871536	5	131969874	8e-07	3684
rs6967330	7	105658451	3e-14	3684
rs3894194	17	38121993	3e-21	3684
rs1295686	5	131995843	2e-06	3684
rs35141484	4	39088341	3e-07	1287
rs17218161	4	59213845	2e-08	1287
rs7770848	6	44769237	2e-07	1287
rs6054973	20	7385958	1e-07	1287
rs12570188	10	100855702	5e-08	1287
rs2705520	3	112269287	2e-06	1287
rs11000019	10	73591530	8e-08	1287
rs9883878	3	177855632	1e-06	1287
rs17033506	3	35639826	4e-07	1287
rs7807274	7	131021099	4e-06	1287
rs2473967	6	113479335	2e-06	1287
rs7527074	1	180645441	9e-06	1287
rs886448	7	24240165	7e-08	1287
rs16929097	9	12521826	8e-09	1287
rs9297216	8	34045261	1e-06	1287
rs9823506	3	100476713	6e-08	1287
rs11141597	9	89527458	2e-06	1287
rs6721181	2	40115696	6e-07	1287
rs17036023	1	117129711	5e-06	1287
rs4658627	1	244511176	6e-06	591
rs9815663	3	3614887	2e-08	591
rs7927044	11	127761666	7e-09	591
rs7328278	13	36351766	3e-06	591
rs10521233	17	13559080	3e-06	591
rs2378383	9	82039362	7e-07	1476
rs12081541	1	152441366	9e-11	11181
rs17690965	5	132030667	5e-08	11181
rs479844	11	65551957	4e-10	11181
rs2155219	11	76299194	2e-15	11181
rs10445308	17	37938047	5e-08	11181
rs993226	12	84886573	5e-09	11181
rs9357733	6	52292136	2e-08	11181
rs111863753	4	22795999	8e-07	407
rs149647891	6	136328070	6e-07	407
rs5875060	6	25701968	8e-08	407
rs142161979	12	99785814	9e-09	407
rs137939366	19	48522690	3e-07	407
rs142320277	2	141422979	5e-08	407
rs76830467	12	117759315	3e-07	407
rs201541519	14	106161093	3e-07	407
rs117420762	20	45348406	3e-07	407
rs140179402	22	18168278	2e-08	407
rs59289606	9	115325365	5e-08	5364
rs439399	5	31696736	4e-07	5364
rs7315121	12	54474942	2e-07	5364
rs56317450	7	11177347	5e-07	5364
rs4679858	3	159145825	2e-07	5364
rs232542	2	38328178	4e-06	8273
rs7334050	13	70645872	4e-08	8273
rs7493885	14	51317418	3e-06	8273
rs13037508	20	14928945	5e-07	8273
rs2392165	7	33159914	1e-07	250
rs77582594	1	89222196	8e-07	250
rs7118473	11	19782191	7e-06	250
rs194326	16	10359589	1e-06	250
rs7691998	4	23919528	8e-06	250
rs75852965	6	41607584	4e-06	250
rs11991713	8	132404232	7e-06	250
rs17801625	8	25522134	5e-06	250
rs2729117	3	1117233	9e-06	250
rs7751224	6	5589639	8e-06	250
rs9942904	9	25691227	3e-06	250
rs12930749	16	27727779	1e-06	250
rs12933955	16	27754445	1e-06	250
rs74002922	2	241725637	6e-06	250
rs62365031	5	80565180	7e-06	250
rs111675143	7	2733282	7e-06	250
rs17774495	7	14385632	5e-06	250
rs7810885	7	103725123	3e-06	250
rs1480090	15	98715661	7e-06	250
rs4787980	16	27629661	4e-06	250
rs1765013	20	4147862	2e-06	250
rs8132375	21	39135487	9e-06	250
rs2318405	22	49327443	9e-06	250
rs883398	1	63489340	2e-06	522
rs4915866	1	63488228	6e-06	522
rs1861415	2	58853558	9e-06	522
rs6569651	6	130404081	9e-06	522
rs2403547	11	19988412	6e-06	522
rs1986254	11	19993804	8e-06	522
rs958144	3	88994672	5e-06	88
rs13090972	3	89076896	1e-06	88
rs13157529	5	107320882	6e-06	88
rs4571247	3	89066588	6e-06	88
rs11656155	17	49671310	6e-06	88
rs7041938	9	113091523	7e-06	88
rs17742723	13	70635410	2e-06	3187
